שם מלא,תאריך,שער עסקה,יתרה בדוח אחרון,שינוי בכמות,סוג עסקה,סכום עסקה,יתרה בדוח נוכחי,מספר נייר,שם נייר,מחיר מניה בעת קריאת המייל
שאול חיים יעקבי,03/04/2024,120,"1,540,852","1,200,000",מכירה,1440000,"340,852",1170240,מניות רגילות,
גרינברג אייל,10/04/2024,309,"33,544","11,250",קניה,34762.5,"44,794",1096148,גולף מניה רגילה,
נאוי דורי ,11/04/2024,"2,640.90","22,006,337","310,586",קניה,8202265.674,"22,316,923",208017,נאוי מניה רגילה,
גרינברג אייל,09/04/2024,317,"6,044","27,500",קניה,87175,"33,544",1096148,גולף מניה רגילה,
דודוביץ דורון ,09/04/2024,"2,044","85,427","2,439",קניה,49853.16,"87,866",1188622,פרופדו מניה רגילה,
משה שפירא,10/04/2024,"17,200","5,865","3,524",מכירה,606128,"2,341",1143114,בית שמש אפ01/18,
ערן מימון,11/04/2024,161,"259,631","21,636",מכירה,34833.96,"237,995",1161967,אפולו אפ (11/2019),
ירון קיקוז,09/04/2024,326,"19,618,031","4,000",קניה,13040,"19,622,031",1174457,פריים אנרג'י מניה,
חיים מר,09/04/2024,"1,380","3,973,436","1,000",קניה,13800,"3,974,436",338012,ח.מר מניה רגילה,
אייל בן סימון ,07/04/2024,"3,693","69,848","33,327",מכירה,1230766.11,"36,521",767012,פניקס 1 מניה רגילה ,
עדי צים,08/04/2024,"3,181","7,866,041","10,076",קניה,320517.56,"7,876,117",422014,אסאר אקורד - מניה רגילה ,
ריאן מואנד,07/04/2024,548,"16,046,668","11,470",קניה,62855.6,"16,058,138",1170950,מלרן - מניה רגילה,
ברנט פסח,08/04/2024,384,"2,910,230",0,קניה,0,"2,910,230",1080837,"מניות רגילות בנות 1.0 ש""ח ע.נ. כ""א",
ריאן מואנד,04/04/2024,503,"15,998,566","48,102",קניה,241953.06,"16,046,668",1170950,מלרן - מניה רגילה,
מר שלמה פרידמן באמצעות חברה בשליטתו,07/04/2024,101.76,"200,010","100,000",קניה,101760,"300,010",1200880,גלעד פקדון אגח א,
"באבלס אחזקות ח.י. בע""מ",04/04/2024,0.15,"8,386,130","11,325,567",קניה,16988.3505,"19,711,697",1105139,באבלס מניה רגילה,
"באבלס אחזקות ח.י. בע""מ",04/04/2024,15,"8,386,130","11,325,567",קניה,1698835.05,"19,711,697",1105139,באבלס מניה רגילה,
מר שלמה פרידמן באמצעות חברה בשליטתו,08/04/2024,110.15,"608,275","59,327",מכירה,65348.6905,"548,948",1162304,אלה פקדון אגח ד,
"פאי פיתוח מכשירים פיננסיים בע""מ",08/04/2024,101.84,"429,347","4,754",קניה,4841.4736,"434,101",1201144,פאי פיקדון אגח ב,
אייל בן סימון ,08/04/2024,"3,742","36,521","36,521",מכירה,1366615.82,0,767012,פניקס 1 מניה רגילה ,
ריצ'רד הנטר,11/09/2023,0,"66,164","1,125,333",קניה,0,"1,191,497",1142587,הולמס פלייס מניה רגילה,
ויקטור אדריאן בגס,04/04/2024,95.61,"6,889,548","16,234",קניה,15521.3274,"6,905,782",456012,אפסלון ברנדס מניה רגילה,
חיים מר,07/04/2024,"1,376","3,971,436","1,000",קניה,13760,"3,972,436",338012,ח.מר מניה רגילה,
ריאן מואנד,04/04/2023,503,"15,998,566","48,102",קניה,241953.06,"16,046,668",1170950,מלרן - מניה רגילה,
איציק בן אליעזר,04/04/2024,60,"7,888,398","90,000",קניה,54000,"7,978,398",1080597,מניה רגילה,
יעקב זרחיה,31/03/2024,_________,"1,016,500","1,016,500",מכירה,לא ידוע,0,1205038,קנאשור אפ' אחר,
זיו בן יהודה ,03/04/2024,"1,015","9,932","1,970",קניה,19995.5,"11,902",1090943,רם און ,
רלי אריאלה דנון,04/04/2024,814.21,"270,000","30,000",מכירה,244263,"240,000",1141464,מור השקעות מניה רגילה,
דוד גרנות,03/04/2024,461.69,"5,289","10,829",קניה,49996.4101,"16,118",230011,בזק מניה רגילה,
דודוביץ דורון ,04/04/2024,"1,964","75,567","6,938",קניה,136262.32,"82,505",1188622,פרופדו מניה רגילה,
מרמלשטיין אלון  (אלן),04/04/2024,"1,657",0,"7,864",קניה,130306.48,"7,864",1097278,אמות מניה רגילה,
עופר אברם,04/04/2024,168.4,"873,739","60,000",קניה,101040,"933,739",1140573,מנרט מניה רגילה,
שאול חיים יעקבי,03/04/2024,150.5,"1,542,715","1,863",מכירה,2803.815,"1,540,852",1170240,מניה רגילה,
אפרת שנן,04/04/2024,"15,430","2,399","2,399",מכירה,370165.7,0,1143114,בית שמש אפ01/18,
יצחק חג'ג',03/04/2024,519.5,"19,331,198","12,377",קניה,64298.515,"19,343,575",1143635,חגג אירופה - מניה,
יחיאל ספקטור,03/04/2024,"1,048","566,575","7,477",קניה,78358.96,"574,052",1165307,טכנולוגיות מניה רגילה,
"אקספרטו איי.אף. אס פתרונות פיננסיים בע""מ",31/03/2024,_________,"1,016,500","1,016,500",מכירה,לא ידוע,0,1205038,קנאשור אפ' אחר,
עמית כוכבי ,04/04/2024,1,"636,696","495,994",מכירה,4959.94,"140,702",1176304,שמיים אפ 05/21,
מר שלמה פרידמן באמצעות חברה בשליטתו,02/04/2024,109.38,"690,825","82,550",מכירה,90293.19,"608,275",1162304,אלה פקדון אגח ד,
איציק בן אליעזר,02/04/2024,61,"7,829,285","59,113",קניה,36058.93,"7,888,398",1080597,מניה רגילה,
שלום חגי,03/04/2024,513.18,"49,854,798",800,קניה,4105.44,"49,855,598",103010,טיב טעם,
שמעון כהן,23/11/2023,98,"1,932,000","1,020,500",קניה,1000090,"2,952,500",1191170,אגרות חוב (סדרה א'),
"רם-און השקעות והחזקות (1999) בע""מ",03/04/2024,"1,038","28,125,837","70,649",קניה,733336.62,"28,196,486",1170216,פולירם מניה רגילה,
אגוזי סער,03/04/2024,"8,754",100,100,מכירה,8754,0,1198910,בזא מניה רגילה,
אורן מילר,02/04/2024,511,"45,118","1,174",קניה,5999.14,"46,292",103010,טיב טעם,
"פאי פיתוח מכשירים פיננסיים בע""מ",03/04/2024,103.52,"5,042,635","140,914",קניה,145874.1728,"5,183,549",1199454,פאי פיקדון אגח א,
מר שלמה פרידמן באמצעות חברה בשליטתו,02/04/2024,101.75,"60,010","140,000",קניה,142450,"200,010",1200880,גלעד פקדון אגח א,
"פאי פיתוח מכשירים פיננסיים בע""מ",04/04/2024,103.52,"5,183,549","5,100,000",מכירה,5279520,"83,549",1199454,פאי פיקדון אגח א,
"יוניברסל מוטורס ישראל בע""מ",02/04/2024,539.35,"42,681,073","2,781,102",קניה,14999873.64,"45,462,175",1156280,ג'י וואן - מניות רגילות,
אפרת שנן,03/04/2024,"15,360","2,684",285,מכירה,43776,"2,399",1143114,בית שמש אפ01/18,
מר שלמה פרידמן באמצעות חברה בשליטתו,02/04/2024,106.64,"1,430,010","827,182",מכירה,882106.8848,"602,828",1189398,אלה פקדון אגח ו,
אופיר הרבסט,02/04/2024,260,"8,000,000","1,000,000",קניה,2600000,"9,000,000",1178862,ג'נגו- מניה רגילה,
"קבוצת חנן מור השקעות 2006 בע""מ",17/04/2024,144.49,"7,731,530","409,287",מכירה,591378.7863,"7,322,243",1102532,"מניות רגילות בנות 1 ש""ח ע.נ. כ""א",
עידו דור,18/04/2024,52,0,"9,300,000",קניה,4836000,"9,300,000",1104496,אורד מניה רגילה,
"פאי פיתוח מכשירים פיננסיים בע""מ",18/04/2024,103.7,"620,050","2,807",קניה,2910.859,"622,857",1199454,פאי פיקדון אגח א,
שינדלר טליה,18/04/2024,507.59,"47,034","1,193",מכירה,6055.5487,"45,841",1172766,"קרסו מ'אפ02/21ב, אופציה למניה",
מר שלמה פרידמן באמצעות חברה בשליטתו,18/04/2024,101.92,"1,133,892","10,252",קניה,10448.8384,"1,144,144",1200880,גלעד פקדון אגח א,
"קבוצת חנן מור השקעות 2006 בע""מ",16/04/2024,194.68,"7,990,544","259,014",מכירה,504248.4552,"7,731,530",1102532,"מניות רגילות בנות 1 ש""ח ע.נ. כ""א",
מר שלמה פרידמן באמצעות חברה בשליטתו,18/04/2024,106.9,20,"49,900",קניה,53343.1,"49,920",1189398,אלה פקדון אגח ו,
איתי מל,16/04/2024,163,"1,128,948","70,000",קניה,114100,"1,198,948",1140573,מניבים ריט מניה רגילה,
אלפא אל טי,17/04/2024,"6,670","929,675","230,593",קניה,15380553.1,"1,160,268",1080753,אילקס מדיקל מניות רגילות,
"מילניום השקעות אלעד בע""מ",17/04/2024,"88,000","3,420,986","522,386",מכירה,459699680,"2,898,600",576017,"מניות רגילות בנות 1 ש""ח ע.נ.",
צבי לובצקי ,18/04/2024,"10,070","2,473,640","2,473,640",מכירה,249095548,0,175018,מניה רגילה,
בן-משה מרדכי,17/04/2024,"25,885.88","217,174","8,095",קניה,2095461.986,"225,269",1098565,מניות רגילות,
יוסף אלמלם,17/04/2024,"2,874","6,747,600",700,קניה,20118,"6,748,300",1178722,רימון מניה רגילה,
מר שלמה פרידמן באמצעות חברה בשליטתו,17/04/2024,101.92,"1,131,948","1,944",קניה,1981.3248,"1,133,892",1200880,גלעד פקדון אגח א,
שלום חגי,17/04/2024,501.78,"49,866,748","1,700",קניה,8530.26,"49,868,448",103010,טיב טעם,
"חברה ישראלית לספנות והספקה בע""מ",17/04/2024,"6,290.40","8,400,085.80",421,קניה,26482.584,"8,400,506.80",621011,"קרור מ""ר 1",
יגאל דמרי,17/04/2024,804.23,"260,213","87,093",קניה,700428.0339,"347,306",1175090,שור-טק יהש,
אריאל גורפונג,17/04/2024,188.11,"2,012,829","58,657",קניה,110339.6827,"2,071,486",1170240,מניות רגילות,
מאיר שני,17/04/2024,"1,109","19,379","19,379",מכירה,214913.11,0,1175009,אופציות לא סחירות 04/21,
גלר אברהם,17/04/2024,781,0,"40,000",קניה,312400,"40,000",0,אוגווינד אפ ז'17 04/24,
איתי מל,16/04/2024,163,"1,128,948","70,000",קניה,114100,"1,198,948",1140573,מניבים ריט מניה רגילה,
"מאה ואחד - ייעוץ כלכלי בינלאומי בע""מ ",04/04/2024,0,"4,599,690.12","631,330",קניה,0,"5,231,020.12",404012,תמדא מניה רגילה,
שלום חגי,16/04/2024,501.4,"49,863,248","3,500",קניה,17549,"49,866,748",103010,טיב טעם,
בן-משה מרדכי,16/04/2024,"25,280.88","215,415","1,759",קניה,444690.6792,"217,174",1098565,מניות רגילות,
"פאי פיתוח מכשירים פיננסיים בע""מ",17/04/2024,103.7,"603,975","16,075",קניה,16669.775,"620,050",1199454,פאי פיקדון אגח א,
תנחום אורן,16/04/2024,"1,036","26,562","22,000",קניה,227920,"48,562",1142454,אלמור חשמל ,
אריאל גורפונג,16/04/2024,176.03,"1,932,829","80,000",קניה,140824,"2,012,829",1170240,מניות רגילות,
"חברה ישראלית לספנות והספקה בע""מ",17/04/2024,"6,400","8,200,085.80","200,000",קניה,12800000,"8,400,085.80",621011,"קרור מ""ר 1",
דודוביץ דורון ,17/04/2024,"2,450","90,036","1,020",קניה,24990,"91,056",1188622,פרופדו מניה רגילה,
"טלקאר חברה בע""מ",16/04/2024,"2,040","13,897,731","76,955",קניה,1569882,"13,974,686",1109966,מניות רגילות,
"קבוצת חנן מור השקעות 2006 בע""מ",16/04/2024,193.75,"7,990,544","400,000",מכירה,775000,"7,590,544",1102532,"מניות רגילות בנות 1 ש""ח ע.נ. כ""א",
יגאל דמרי,16/04/2024,806.44,"239,288","20,925",קניה,168747.57,"260,213",1175090,שור-טק יהש,
לשם ישראל,17/04/2024,"1,565","7,323,200","500,000",מכירה,7825000,"6,823,200",1175611,תורפז ,
רון אורן,16/04/2024,"1,449","18,089","10,000",קניה,144900,"28,089",1086230,או.אר.טי. טכנולוגיות 1,
דודוביץ דורון ,16/04/2024,"2,374","89,404",632,קניה,15003.68,"90,036",1188622,פרופדו מניה רגילה,
"ג'נריישן ניהול בע""מ",16/04/2024,60.35,"4,801,000","829,000",קניה,500301.5,"5,630,000",1156926,"ג'נריישן קפיטל, מניה רגילה",
אסי חורב,16/04/2024,"1,250","2,100",400,קניה,5000,"2,500",1202837,אופציות סדרה 3,
דוד גרנות,16/04/2024,448.29,"21,570","5,576",קניה,24996.6504,"27,146",230011,בזק מניה רגילה,
תנחום אורן,16/04/2024,"1,036","2,562","24,000",קניה,248640,"26,562",1142454,אלמור חשמל ,
אליהו שחר,14/04/2024,897.5,"36,833","3,341",קניה,29985.475,"40,174",723007,נורסטאר מניה רגילה,
חנן מור,15/04/2024,211.56,"1,180,115","593,068",מכירה,1254694.661,"587,047",1102532,"מניות רגילות בנות 1 ש""ח ע.נ. כ""א",
ענת כהן שגב,08/04/2024,0.18,"401,600","38,100",מכירה,68.58,"363,500",1169937,אופציות לא רשומות ,
חברת הנאמנות של משפחת בלוטרייך,09/04/2024,750,"4,526,828","900,000",מכירה,6750000,"3,626,828",1105196,מישר מניה רגילה,
ענת כהן שגב,15/04/2024,0.18,"363,500",550,מכירה,0.99,"362,950",1169937,אופציות לא רשומות ,
אריאל גורפונג,15/04/2024,161.35,"1,881,263","51,566",קניה,83201.741,"1,932,829",1170240,מניות רגילות,
חיים מר,15/04/2024,"1,290","3,976,036","1,600",קניה,20640,"3,977,636",338012,ח.מר מניה רגילה,
"לפידות קפיטל בע""מ ",15/04/2024,102.7,"112,027,207","237,916",קניה,244339.732,"112,265,123",1082353,מניה רגילה,
שלום חגי,15/04/2024,503.18,"49,862,248","1,000",קניה,5031.8,"49,863,248",103010,טיב טעם,
ניר צמח,16/04/2024,"2,091.08","272,812",325,קניה,6796.01,"273,137",1173855,מניה רגילה,
כהן שמואל,16/04/2024,891,"25,792","3,367",קניה,29999.97,"29,159",1131523,מגדלי תיכון - מניה רגילה,
"פאי פיתוח מכשירים פיננסיים בע""מ",16/04/2024,103.7,"130,749","473,226",קניה,490735.362,"603,975",1199454,פאי פיקדון אגח א,
דודוביץ דורון ,15/04/2024,"2,276","87,866","1,538",קניה,35004.88,"89,404",1188622,פרופדו מניה רגילה,
"ג'נריישן ניהול בע""מ",15/04/2024,63.21,"3,219,299","1,581,701",קניה,999793.2021,"4,801,000",1156926,"ג'נריישן קפיטל, מניה רגילה",
רונן שטרנבך,15/04/2024,205,"16,341,551","20,000",קניה,41000,"16,361,551",1083658,מניה רגילה,
"מור גמל ופנסיה בע""מ",11/04/2024,"2,501.25","652,289","1,200,000",קניה,30015000,"1,852,289",265017,אורביט מניה רגילה,
מיטב קרנות נאמנות,11/04/2024,"2,501.25","171,913","7,707",קניה,192771.3375,"179,620",265017,אורביט מניה רגילה,
שחר שמש,15/04/2024,"2,302","33,538","1,300,000",קניה,29926000,"1,333,538",829010,מניה רגילה,
שנידמן שרה,14/04/2024,"9,907.06","21,406","1,266",קניה,125423.3796,"22,672",1129501,"מניות רגילות בנות 1 ש""ח ע.נ.",
שחר שמש,15/04/2024,"2,302","33,538","1,300,000",קניה,29926000,"1,333,538",829010,מניה רגילה,
תנחום אורן,15/04/2024,"1,014.16","1,231","1,331",קניה,13498.4696,"2,562",1142454,אלמור חשמל ,
שלום חגי,14/04/2024,515.6,"49,860,698","1,550",קניה,7991.8,"49,862,248",103010,טיב טעם,
אליהו שחר,14/04/2024,"89,750","36,833","3,341",קניה,2998547.5,"40,174",723007,נורסטאר מניה רגילה,
אברהם שוקרון,10/04/2024,"2,774","70,000","20,000",מכירה,554800,"50,000",2650117,אופציות 2013,
"שי ספיר השקעות בע""מ",14/04/2024,63.5,"6,601,891","60,000",קניה,38100,"6,661,891",1170539, מניה רגילה,
איתי אילון,11/04/2024,"1,393.90","26,500","3,500",קניה,48786.5,"30,000",1194695,זפירוס מניה רגילה,
חגי שרייבר,14/04/2024,"3,650","8,590","8,590",מכירה,313535,0,767012,פניקס 1 מניה רגילה ,
מר שלמה פרידמן באמצעות חברה בשליטתו,14/04/2024,109.46,"666,172","466,172",מכירה,510271.8712,"200,000",1162304,אלה פקדון אגח ד,
משה נור,14/04/2024,"1,749","1,756,674",350,קניה,6121.5,"1,757,024",1175728,"נור, מניות רגילות",
מתיתיהו שלמה,11/04/2024,231.4,"9,001,700","1,200",קניה,2776.8,"9,002,900",1177450,מניות רגילות,
נאוי דורי ,15/04/2024,"2,650","22,327,284",157,קניה,4160.5,"22,327,441",208017,נאוי מניה רגילה,
מר שלמה פרידמן באמצעות חברה בשליטתו,14/04/2024,101.86,"316,302","393,708",קניה,401030.9688,"710,010",1200880,גלעד פקדון אגח א,
עוזי לביא ,15/04/2024,348.5,"6,287","2,898",קניה,10099.53,"9,185",1171669,מולטי ריטייל,
נגה בן דוד ,15/04/2024,29,"3,706,548","17,300",מכירה,5017,"3,689,248",506022,"גבעות יה""ש",
חיים מר,14/04/2024,"1,298","3,975,236",800,קניה,10384,"3,976,036",338012,ח.מר מניה רגילה,
מר שלמה פרידמן באמצעות חברה בשליטתו,15/04/2024,106.76,"702,828","702,808",מכירה,750317.8208,20,1189398,אלה פקדון אגח ו,
מר שלמה פרידמן באמצעות חברה בשליטתו,15/04/2024,101.91,"710,010","421,938",קניה,429997.0158,"1,131,948",1200880,גלעד פקדון אגח א,
נתן חץ,15/04/2024,"2,489.25","25,990,010","76,087",קניה,1893995.648,"26,066,097",390013,"מ""ר",
"פאי פיתוח מכשירים פיננסיים בע""מ",15/04/2024,103.7,"107,194","23,555",קניה,24426.535,"130,749",1199454,פאי פיקדון אגח א,
נגה בן דוד ,20/02/2024,30,"3,507,733","279,000",קניה,83700,"3,786,733",506022,"גבעות יה""ש",
"דור שלמה השקעות (2014) בע""מ ",11/04/2024,96.53,"123,823","16,268",קניה,15703.5004,"140,091",578013,"אפקון החזקות 1 ש""ח ע.נ.",
תנחום אורן,14/04/2024,"1,012",0,"1,231",קניה,12457.72,"1,231",1142454,אלמור חשמל ,
"פאי פיתוח מכשירים פיננסיים בע""מ",14/04/2024,101.95,"434,101","23,566",קניה,24025.537,"457,667",1201144,פאי פיקדון אגח ב,
יעקב גורסד,11/04/2024,77.69,"140,623,169","280,772",קניה,218131.7668,"140,903,941",486027,וויי בוקס מניה רגילה,
שלום חגי,11/04/2024,515.19,"49,859,698","1,000",קניה,5151.9,"49,860,698",103010,טיב טעם,
אשר זמיר,11/04/2024,60.79,0,"110,624",קניה,67248.3296,"110,624",1170539, מניה רגילה,
מתיתיהו שלמה,11/04/2024,278.12,"9,001,700","1,200",קניה,3337.44,"9,002,900",1177450,מניות רגילות,
"דור שלמה השקעות (2014) בע""מ ",11/04/2021,96.53,"123,823","16,268",קניה,15703.5004,"140,091",578013,"אפקון החזקות 1 ש""ח ע.נ.",
ארי רוזנטל,11/04/2024,"1,416",0,"105,000",קניה,1486800,"105,000",0,תורפז אפ 3/24,
"פאי פיתוח מכשירים פיננסיים בע""מ",14/04/2024,103.62,"83,549","23,645",קניה,24500.949,"107,194",1199454,פאי פיקדון אגח א,
חיים מר,11/04/2024,"1,379","3,974,436",800,קניה,11032,"3,975,236",338012,ח.מר מניה רגילה,
נאוי דורי ,14/04/2024,"2,648.91","22,316,923","10,361",קניה,274453.5651,"22,327,284",208017,נאוי מניה רגילה,
לביא אלכס ליאכובצקי,11/04/2024,540,"100,000","50,000",מכירה,270000,"50,000",1185966,אופציות לא רשומות (סדרה ב'),
אברהם שוקרון,10/04/2024,"2,774","70,000","20,000",מכירה,554800,"50,000",2650117,אופציות 2013,
אלי לוי,10/04/2024,810.3,"5,095,200",59,קניה,478.077,"5,095,259",1141464,מור השקעות - מניה רגילה,
אסי חורב,11/04/2024,"1,250","2,000",100,קניה,1250,"2,100",1202837,אופציות סדרה 3,
מר שלמה פרידמן באמצעות חברה בשליטתו,10/04/2024,109.29,"543,518","285,363",מכירה,311873.2227,"258,155",1162304,אלה פקדון אגח ד,
מר שלמה פרידמן באמצעות חברה בשליטתו,11/04/2024,110.03,"692,172","26,000",מכירה,28607.8,"666,172",1162304,אלה פקדון אגח ד,
דוד גרנות,11/04/2024,458.5,"16,118","5,452",קניה,24997.42,"21,570",230011,בזק מניה רגילה,
ענת כהן שגב,08/04/2024,0.18,"401,600","38,100",מכירה,68.58,"363,500",1169937,אופציות לא רשומות ,
עמוס דאבוש,10/04/2024,146,"2,829,170","943,056",מכירה,1376861.76,"1,886,114",1145556,אופציות עובדים,
"הפניקס אחזקות בע""מ",10/04/2024,101.1,"1,343,700,000","141,150,000",מכירה,142702650,"1,202,550,000",1195585,פניקס הון אגח יב (כתבי התחייבות נדחים),
אלי לוי,11/04/2024,818.3,"5,095,259","8,263",קניה,67616.129,"5,103,522",1141464,מור השקעות - מניה רגילה,
שלום חגי,10/04/2024,524.4,"49,859,398",300,קניה,1573.2,"49,859,698",103010,טיב טעם,
"כלל החזקות עסקי ביטוח בע""מ (קופות גמל וחברות לניהול קופות גמל)",01/04/2024,_________,"605,640","65,000",קניה,לא ידוע,"670,640",368019,אלקטריאון,"17,680.00"
דב דנון,18/04/2024,"2,500","15,000",101,מכירה,2525,"14,899",1188812,אופציות נותני שירותים,
אריאל גורפונג,18/04/2024,231.64,"2,071,486","25,000",קניה,57909.99999999999,"2,096,486",1170240,מניות רגילות,227.00
שלום חגי,18/04/2024,503.99,"49,868,448",800,קניה,4031.92,"49,869,248",103010,טיב טעם,517.00
רונן שטרנבך,18/04/2024,205,"16,361,551","9,000",קניה,18450.0,"16,370,551",1083658,מניה רגילה,205.00
נורסטאר החזקות אינק. ,18/04/2024,"1,095","89,585,778","13,269",קניה,145295.55,"89,599,047",126011,מניה רגילה ,"1,116.00"
"חברה ישראלית לספנות והספקה בע""מ",18/04/2024,"6,300","8,400,506.8","13,979",קניה,880677.0,"8,414,485.8",621011,"קרור מ""ר 1","6,320.00"
לירן גלעדי,25/04/2024,230,"16,154,512","75,000",קניה,172500.0,"16,229,512",00536011,מניה רגילה,
"נורת'ווד אקספלוריישן פיטיואי בע""מ",25/04/2024,240,"3,195,778","67,487",קניה,161968.8,"3,263,265",1147750,רותם אנרגיה יהש,266.10
"אלטשולר שחם גמל ופנסיה בע""מ",21/04/2024,"29,392.61","2,238,723","327,750",מכירה,96334279.275,"1,910,973",1087022,פוקס מניה רגילה,"29,600.00"
ארז מלצר,25/04/2024,"1,800","557,577","86,657",מכירה,1559826.0,"470,920",1175629,תורפז אפ 05/21,
"פאי פיתוח מכשירים פיננסיים בע""מ",25/04/2024,103.74,"622,857","24,468",קניה,25383.103199999998,"647,325",1199454,פאי פיקדון אגח א,103.74
זבולון עדי,24/04/2024,34.17,"12,145,544","27,284",קניה,9322.9428,"12,172,828",1084367,"תיקון עולם קנבט, מניה רגילה",36.00
שלום חגי,24/04/2024,511.45,"49,869,348",200,קניה,1022.8999999999999,"49,869,548",103010,טיב טעם,498.90
"אלטשולר שחם גמל ופנסיה בע""מ",21/04/2024,"29,392.61","2,238,723","327,750",מכירה,96334279.275,"1,910,973",1087022,פוקס מניה רגילה,"29,600.00"
"אלון גז פיתוח אנרגיה בע""מ",24/04/2024,"1,520","10,158,134","660,000",קניה,10032000.0,"10,818,134",1129493,תומר אנרגיה,"1,549.00"
שלימק איל,24/04/2024,730.08,"6,035,362","2,500",קניה,18252.0,"6,037,862",1180595,בוליגו מניה רגילה,730.00
שרונה שניצר,21/04/2024,"31,500",0,216,קניה,68040.0,216,716019,מטעי1),"31,500.00"
ארז מלצר,24/04/2024,"1,800","568,170","10,593",מכירה,190674.0,"557,577",1175629,תורפז אפ 05/21,
אדלר ישראל,21/04/2024,"2,700","1,500","1,100",קניה,29700.0,"2,600",130013,מניה רגילה,"2,772.00"
נירי קליר,24/04/2024,500,"195,605","4,395",קניה,21975.0,"200,000",1173871,מניה רגילה,506.00
דודוביץ דורון ,24/04/2024,"2,444","91,955",496,קניה,12122.24,"92,451",1188622,פרופדו מניה רגילה,"2,699.00"
שינדלר טליה,21/04/2024,507.59,"45,841","10,504",מכירה,53317.2536,"35,337",1172766,"קרסו מ'אפ02/21ב, אופציה למניה",
תנחום אורן,22/04/2024,"1,036","59,568","9,403",קניה,97415.08,"68,971",1142454,אלמור חשמל ,"1,050.00"
ליאור סגל,21/04/2024,147.9,"116,000","116,000",מכירה,171564.0,0,1189455,"כתבי אופציה (סדרה 2), עינש אפ 2",276.00
לזר (אלעזר) זוננשיין,21/04/2024,331,"14,884,167","37,500",קניה,124125.0,"14,921,667",1176700,פלסאנמור - מניה רגילה,316.20
נורסטאר החזקות אינק. ,21/04/2024,"1,115","89,599,047","10,000",קניה,111500.0,"89,609,047",126011,מניה רגילה ,"1,088.00"
אודי ידין,21/04/2024,97.43,"2,450,979","21,021",קניה,20480.7603,"2,472,000",456012,אפסלון ברנדס מניה רגילה,110.00
מריו זוזל,21/04/2024,798.9,"14,368,513","4,717",קניה,37684.113,"14,373,230",1136829,אלמוגים - מניה רגילה,792.50
שלום חגי,21/04/2024,514.9,"49,869,248",100,קניה,514.9,"49,869,348",103010,טיב טעם,498.90
רונן שטרנבך,21/04/2024,205,"16,370,551","10,000",קניה,20500.0,"16,380,551",1083658,מניה רגילה,205.00
משה שפירא,21/04/2024,"17,400","9,500",854,מכירה,148596.0,"8,646",1175470,בית שמש אפ05/21,
תנחום אורן,18/04/2024,"1,036","48,562","11,006",קניה,114022.15999999999,"59,568",1142454,אלמור חשמל ,"1,050.00"
מר שלמה פרידמן באמצעות חברה בשליטתו,21/04/2024,106.91,"49,920","200,589",קניה,214449.69989999998,"250,509",1189398,אלה פקדון אגח ו,107.02
יטיב דוד,21/04/2024,"5,000","3,468,057","1,000,000",מכירה,50000000.0,"2,468,057",412015,פייטון מניה רגילה,"6,422.00"
אלעד רונן,21/04/2024,36,0,"4,045,929",קניה,1456534.44,"4,045,929",1084367,"תיקון עולם קנבט, מניה רגילה",36.00
בן-משה מרדכי,18/04/2024,"26,408.54","225,269","5,159",קניה,1362416.5786,"230,428",1098565,מניות רגילות,"27,830.00"
ענת כהן שגב,21/04/2024,0.18,"362,438","73,438",מכירה,132.1884,"289,000",1169937,אופציות לא רשומות ,
"כלל החזקות עסקי ביטוח בע""מ (קופות גמל וחברות לניהול קופות גמל)",01/04/2024,"15,400.00","605,640","65,000",קניה,10010000.0,"670,640",368019,אלקטריאון,"19,300.00"
דודוביץ דורון ,21/04/2024,"2,500","91,056",899,קניה,22475.0,"91,955",1188622,פרופדו מניה רגילה,"2,699.00"
מר שלמה פרידמן באמצעות חברה בשליטתו,06/05/2024,107.16,"1,467,468","4,835",מכירה,5181.186,"1,462,633",1189398,אלה פקדון אגח ו,107.16
נאוה בן-יהודה,06/05/2024,"13,200","6,500","4,000",מכירה,528000.0,"2,500",1125707,קווליטאו 01/12,
אסי חורב,06/05/2024,"1,450","2,950",550,קניה,7975.0,"3,500",1202837,אופציות סדרה 3,"1,445.00"
מרדכי (מודי) פלד,05/05/2024,635.90,"46,496","1,000",מכירה,6359.0,"45,496",1172527,רייזור - מניה רגילה,634.50
אביב צידון,05/05/2024,513.5,"15,722,290",180,קניה,924.3,"15,722,470",1172360,מניות רגילות פינרג'י,512.20
"הפניקס אחזקות בע""מ ",02/05/2024,"13,489.88","28,186","15,000",מכירה,2023482.0,"13,186",1081603,פלסאון תעשיות- מניה רגילה,"14,290.00"
כהן יובל,05/05/2024,"1,000","20,000","3,000",קניה,30000.0,"23,000",1199645,"מניות רגילות בנות 0.01 ש""ח ע.נ כ""א",
גלבוע ירון ,04/05/2024,30,"92,169",116,קניה,34.8,"92,285",1181742,טורבוג'ן (מניות רגילות),760.70
"פאי פיתוח מכשירים פיננסיים בע""מ",05/05/2024,102.21,"537,026","65,229",קניה,66670.5609,"602,255",1201144,פאי פיקדון אגח ב,102.28
"פאי פיתוח מכשירים פיננסיים בע""מ",05/05/2024,103.89,"827,639","70,540",קניה,73284.006,"898,179",1199454,פאי פיקדון אגח א,103.97
"כלל החזקות עסקי ביטוח בע""מ (ביטוח משתתף ברווחים)",01/05/2024,"5,756.18","14,702,760","3,174,021",מכירה,182702361.99780002,"11,528,739",1095835,מניה רגילה,"5,797.00"
"טלקאר חברה בע""מ",05/05/2024,"2,041","14,048,404","94,687",קניה,1932561.67,"14,143,091",1109966,מניות רגילות,"2,044.00"
רון הדסי,27/09/2023,41,"1,064,901","48,780",קניה,19999.8,"1,113,681",474015,אלביט מדקל טכ מניות,12.10
"נורת'ווד אקספלוריישן פיטיואי בע""מ",02/05/2024,240,"3,263,265","2,295",קניה,5508.0,"3,265,560",1147750,רותם אנרגיה יהש,247.10
מר שלמה פרידמן באמצעות חברה בשליטתו,02/05/2024,107.14,"1,437,468","30,000",קניה,32141.999999999996,"1,467,468",1189398,אלה פקדון אגח ו,107.16
"כלל החזקות עסקי ביטוח בע""מ (ביטוח משתתף ברווחים)",01/05/2024,57.56,"14,702,760","3,174,021",מכירה,1826966.4876,"11,528,739",1095835,מניה רגילה,"5,797.00"
 יאיר גמליאל,02/05/2024,499,"1,149,958","2,389",קניה,11921.11,"1,152,347",1180686,מניה רגילה,505.80
"אלון גז פיתוח אנרגיה בע""מ",02/05/2024,"1,520","10,818,134","173,778",קניה,2641425.6,"10,991,912",1129493,תומר אנרגיה,"1,500.00"
שרונה שניצר,01/05/2024,"31,500",216,50,קניה,15750.0,266,716019,מטעי1),"31,500.00"
דנינו יוחנן,01/05/2024,603.18,"69,846","30,000",מכירה,180954.0,"39,846",462010,מניה רגילה ,601.40
ארז יצחק רוזנבוך,01/05/2024,410,"679,682","679,682",מכירה,2786696.1999999997,0,1205608,מגוריט זכויות 2,2.00
דנה יעקב גרבלי,01/05/2024,57,"200,000","200,000",קניה,113999.99999999999,"400,000",1192186,אקסיליון אופציות (לא סחירות) סדרה יא,
"כוכב המערב אחזקות בע""מ",02/05/2024,80,"21,269,050","1,250,000",קניה,1000000.0,"22,519,050",544015,מניה רגילה,62.00
דיוויד ליבר,01/05/2024,599.3,"507,978","3,450",קניה,20675.85,"511,428",1172071,מניות רגילות,543.10
זבולון עדי,01/05/2024,39.68,"12,186,717","26,376",קניה,10465.996799999999,"12,213,093",1084367,"תיקון עולם קנבט, מניה רגילה",40.10
"יפעת - בקרת פרסום בע""מ",01/05/2024,662.8,"3,781,179","806,604",קניה,5346171.311999999,"4,587,783",271015,גיידליין מניה רגילה,636.10
יוסף אלמלם,01/05/2024,"3,139.12","6,750,300","1,000",קניה,31391.199999999997,"6,751,300",1178722,רימון מניה רגילה,"3,037.00"
"נורת'ווד אקספלוריישן פיטיואי בע""מ",01/05/2024,21.5,"613,464","25,787",מכירה,5544.205,"587,677",1203249,רותם אנרג אופ 6 ,4.50
טריבר אייל,30/04/2024,150.8,0,"84,000",קניה,126672.0,"84,000",1203926,בלייד רנג אחרים - אופציה לאחרים,
"טלקאר חברה בע""מ",01/05/2024,"2,036.55","13,974,686","73,718",קניה,1501303.929,"14,048,404",1109966,מניות רגילות,"2,044.00"
"פאי פיתוח מכשירים פיננסיים בע""מ",01/05/2024,102.11,"457,667","79,359",קניה,81033.47489999999,"537,026",1201144,פאי פיקדון אגח ב,102.28
"פאי פיתוח מכשירים פיננסיים בע""מ",01/05/2024,103.82,"647,325","180,314",קניה,187201.99480000001,"827,639",1199454,פאי פיקדון אגח א,103.97
מתתיהו דב,01/05/2024,410,"13,111","13,111",מכירה,53755.1,0,1205608,מגוריט זכויות 2 ,2.00
מר שלמה פרידמן באמצעות חברה בשליטתו,01/05/2024,107.09,"700,509","736,959",קניה,789209.3931,"1,437,468",1189398,אלה פקדון אגח ו,107.16
"תעבורה אחזקות בע""מ",30/04/2024,"1,243","35,116,665","4,783,333",מכירה,59456829.19,"30,333,332",238014,מניה רגילה,
איציק שריר,30/04/2024,"1,839","108,000","5,531",קניה,101715.09,"113,531",522011,מר 1 ענ,"2,037.00"
אבי מאור,18/04/2024,172,"434,180","33,372",מכירה,57399.84,"400,808",1102532,"מניות רגילות בנות 1 ש""ח ע.נ. כ""א",131.20
"קבוצת חנן מור השקעות 2006 בע""מ",17/04/2024,144.49,"7,731,530","409,287",מכירה,591378.7863,"7,322,243",1102532,"מניות רגילות בנות 1 ש""ח ע.נ. כ""א",131.20
שלום חגי,30/04/2024,504.93,"49,869,648",350,קניה,1767.2549999999999,"49,869,998",103010,טיב טעם,524.40
ארז מלצר,30/04/2024,"1,800","470,920","92,140",מכירה,1658520.0,"378,780",1175629,תורפז אפ 05/21,
תמר יסעור,30/04/2024,0.00,"69,170","45,214",קניה,0.0,"114,384",1157403,ישראכרט מניה רגילה,"1,350.00"
חיים ויספיש,24/04/2024,1,"194,891","194,891",מכירה,1948.91,0,1205608,מגוריט זכויות 2 ,2.00
טל מיש ,30/04/2024,102.20,"86,129","34,113",קניה,34863.486,"120,242",1190453,אגח אביב סדרה 7,101.36
לירן גלעדי,30/04/2024,228.8,"16,229,512","18,000",קניה,41184.00000000001,"16,247,512",00536011,מניה רגילה,
מר שלמה פרידמן באמצעות חברה בשליטתו,30/04/2024,107.09,"650,509","50,000",קניה,53545.0,"700,509",1189398,אלה פקדון אגח ו,107.16
מר שלמה פרידמן באמצעות חברה בשליטתו,30/04/2024,102.00,"1,100,010","395,000",קניה,402900.0,"1,495,010",1200880,גלעד פקדון אגח א,102.03
שי ברק,30/04/2024,"3,421",0,"50,215",קניה,1717855.1500000001,"50,215",1104363, פנאקסיה מניה רגילה,"7,717.00"
תומר חיים ,30/04/2024,"3,421","2,860","77,832",קניה,2662632.72,"80,692",1104363, פנאקסיה מניה רגילה,"7,717.00"
זבולון עדי,25/04/2024,36,"12,172,828","13,889",קניה,5000.04,"12,186,717",1084367,"תיקון עולם קנבט, מניה רגילה",40.10
"קבוצת ברנד (מ.ג.) בע""מ",25/04/2024,"1,994","3,004,847","922,434",קניה,18393333.96,"3,927,281",1081439,"מ""ר-לודן הנדסה","1,848.00"
אסי חורב,24/04/2024,"1,160","2,500",450,קניה,5220.0,"2,950",1202837,אופציות סדרה 3,"1,445.00"
יוסף הרמן,30/04/2024,"3,421","5,000","52,725",קניה,1803722.25,"57,725",1104363, פנאקסיה מניה רגילה,"7,717.00"
אליהו שחר,24/04/2024,867,"40,174","2,309",קניה,20019.03,"42,483",723007,נורסטאר מניה רגילה,899.10
שלום חגי,25/04/2024,504.7,"49,869,548",100,קניה,504.7,"49,869,648",103010,טיב טעם,524.40
מתתיהו דב,24/04/2024,1,"74,303","61,192",מכירה,611.92,"13,111",1205608,מגוריט זכויות 2 ,2.00
צחי אבו,25/04/2024,226.33,"178,906,432","41,278",קניה,93424.49740000001,"178,947,710",366013,ארי נדלן מניה רגילה,238.80
מר שלמה פרידמן באמצעות חברה בשליטתו,25/04/2024,107.02,"250,509","400,000",קניה,428080.0,"650,509",1189398,אלה פקדון אגח ו,107.16
"קבוצת ברנד (מ.ג.) בע""מ",25/04/2024,"1,990","3,004,847","922,434",קניה,18356436.599999998,"3,927,281",1081439,"מ""ר-לודן הנדסה","1,848.00"
מר שלמה פרידמן באמצעות חברה בשליטתו,25/04/2024,101.95,"1,144,144","44,134",מכירה,44994.613000000005,"1,100,010",1200880,גלעד פקדון אגח א,102.03
יוסף אלמלם,25/04/2024,"3,035.48","6,748,300","2,000",קניה,60709.6,"6,750,300",1178722,רימון מניה רגילה,"3,037.00"
משה שפירא,24/04/2024,"17,400","8,646","5,083",מכירה,884442.0,"3,563",1175470,בית שמש אפ05/21,
"פאי פיתוח מכשירים פיננסיים בע""מ",08/05/2024,104.06,"898,179","28,660",מכירה,29823.595999999998,"869,519",1199454,פאי פיקדון אגח א,104.04
פינקלשטיין גנדי,07/05/2024,75,"3,904,071","31,570",מכירה,23677.5,"3,872,501",1169689,ג'נסל מניה רגילה,76.00
גיא יהושוע פרג,07/05/2024,456,"211,852","3,919",קניה,17870.64,"215,771",1139195,"מניות רגילות בנות 0.01 ש""ח ע.נ. כ""א",436.50
אסי חורב,06/05/2024,"1,600","4,000","1,000",קניה,16000.0,"5,000",1202837,אופציות סדרה 3,"1,795.00"
מר שלמה פרידמן באמצעות חברה בשליטתו,07/05/2024,107.16,"1,462,633","1,461,623",מכירה,1566275.2067999998,"1,010",1189398,אלה פקדון אגח ו,107.27
יואב קפלן,07/05/2024,282,"3,950,897","3,950,897",מכירה,11141529.54,0,1143619,מניה רגילה,314.20
אסי חורב,06/05/2024,"1,420","3,500",500,קניה,7100.0,"4,000",1202837,אופציות סדרה 3,"1,795.00"
פינקלשטיין גנדי,06/05/2024,75,"3,922,501","18,430",מכירה,13822.5,"3,904,071",1169689,ג'נסל מניה רגילה,76.00
אליאס יצחק איזי,07/05/2024,240,"198,595","100,000",מכירה,240000.0,"98,595",1203249,רותם אנרג אופ 6 ,11.80
קרן שתוי,07/05/2024,0.00,"788,739","1,300,000",קניה,0.0,"2,088,739",1150952,אופציה למניה,
ויקטור אדריאן בגס,06/05/2024,117.99,"6,979,014","10,000",קניה,11799.0,"6,989,014",456012,אפסלון ברנדס מניה רגילה,117.50
אבישי בן-חיים,06/05/2024,"3,610.00","520,953","240,474",מכירה,8681111.4,"280,479",539015,"מניה רגילה 1 ש""ח ע.נ","3,670.00"
יצחק ויאצסלב מירילשוילי,06/05/2024,"3,610",0,"240,474",קניה,8681111.4,"240,474",539015,"מניה רגילה 1 ש""ח ע.נ","3,670.00"
אליאס יצחק איזי,06/05/2024,4.98,"310,405","111,810",מכירה,5568.138000000001,"198,595",1203249,רותם אנרג אופ 6 ,11.80
רונן שטרנבך,06/05/2024,225,"16,380,551","170,971",קניה,384684.75,"16,551,522",1083658,מניה רגילה,204.00
רם דרורי,31/03/2024,"15,052","90,000","9,999",מכירה,1505049.4800000002,"80,001",1178193,בית שמש אפ07/21,
"פאי פיתוח מכשירים פיננסיים בע""מ",26/05/2024,102.50,"602,255","250,000",קניה,256249.99999999997,"852,255",1201144,פאי פיקדון אגח ב,102.50
קובי (יעקב) בנטקובסקי,09/05/2024,1,"75,000","54,935",מכירה,549.35,"20,065",1206408,ווטר זכויות 1 ,229.10
בועז נוי,27/05/2024,36.59,"221,818","273,300",קניה,100000.47000000002,"495,118",1171933,מניה רגילה,33.70
יוסי שטינמן,27/05/2024,55,"24,130,002","965,200",קניה,530860.0,"25,095,202",544015,מניה רגילה,49.40
לשם ישראל,27/05/2024,"1,650","6,823,200","500,000",מכירה,8250000.0,"6,323,200",1175611,תורפז ,"1,756.00"
יפעת ניר-כץ,26/05/2024,317.49,273,273,מכירה,866.7477,0,1171263,מקס סטוק אפ2020 אופציה למניה,
ירון אילוז,08/04/2024,54,"2,117,614","79,999",קניה,43199.46000000001,"2,197,613",433011,נקסטייג' - מניה רגילה,62.50
רן שטינמן,26/05/2024,55,"6,996,282","279,851",קניה,153918.05000000002,"7,276,133",544015,מניה רגילה,49.40
"פאי פיתוח מכשירים פיננסיים בע""מ",26/05/2024,102.50,"602,255","250,000",קניה,256249.99999999997,"852,255",1201144,פאי פיקדון אגח ב,102.50
"פאי פיתוח מכשירים פיננסיים בע""מ",26/05/2024,104.18,"1,101,213","740,903",קניה,771872.7454,"1,842,116",1199454,פאי פיקדון אגח א,104.24
"פאי פיתוח מכשירים פיננסיים בע""מ",23/05/2024,104.11,"1,087,519","13,694",קניה,14256.8234,"1,101,213",1199454,פאי פיקדון אגח א,104.24
אבי מאור,20/05/2024,138.41,"400,808","71,895",מכירה,99509.86949999999,"328,913",1102532,"מניות רגילות בנות 1 ש""ח ע.נ. כ""א",101.30
צחי אבו,23/05/2024,218.21,"178,947,710","1,800,000",קניה,3927780.0000000005,"180,747,710",366013,ארי נדלן מניה רגילה,218.70
כהן שלמה,23/05/2024,129.82,"130,347","5,000",מכירה,6491.0,"125,347",1171263,מקס סטוק אפ2020 אופציה למניה,
גיל סין לייזר,23/05/2024,587.7,"264,526",602,קניה,3537.954,"265,128",1176726,גוטו מניה רגילה,563.70
שי זוזל,23/05/2024,725.58,"92,701","6,849",קניה,49694.974200000004,"99,550",1136829,אלמוגים - מניה רגילה,694.30
טננבאום גל,23/05/2024,"7,464.8","869,358",669,קניה,49939.511999999995,"870,027",1175371,ארגו פרופרטיז מניה רגילה,"8,104.00"
רונן שטרנבך,23/05/2024,209.5,"16,563,274","3,215",קניה,6735.425,"16,566,489",1083658,מניה רגילה,220.00
קרן שתוי,23/05/2024,0.00,"64,914","32,457",מכירה,0.0,"32,457",1187616,הולמס 3/22 RSU,
"נורת'ווד אקספלוריישן פיטיואי בע""מ",23/05/2024,20,"770,189","300,000",מכירה,60000.0,"470,189",1206051,רותם אנרג אופ 7,52.10
מר שלמה פרידמן באמצעות חברה בשליטתו,23/05/2024,102.50,"10,010","80,000",קניה,82000.0,"90,010",1200880,גלעד פקדון אגח א,102.50
זיו קדרי,23/05/2024,"1,800","20,822","9,000",קניה,162000.0,"29,822",209015,איילון מניה רגילה,"1,882.00"
ירון יחזקאל,22/05/2024,409.89,"940,002","5,000",קניה,20494.499999999996,"945,002",1172972,מאסיבית מניה רגילה,385.90
"אופל פמילי אופיס בע""מ",22/05/2024,409.98,"54,287","5,713",קניה,23422.1574,"60,000",1172972,מאסיבית מניה רגילה,385.90
בר אור שמואל,22/05/2024,"1,500","1,447,506","1,447,506",מכירה,21712590.0,0,654012,אמנת מניה רגילה,"1,661.00"
"הפניקס אחזקות בע""מ",08/05/2024,166.96,"7,224,583","40,000",קניה,66784.0,"7,264,583",232017,יחידות השתתפות,160.70
טננבאום גל,22/05/2024,"7,384.6","868,000","1,358",קניה,100282.868,"869,358",1175371,ארגו פרופרטיז מניה רגילה,"8,104.00"
מר שלמה פרידמן באמצעות חברה בשליטתו,22/05/2024,102.45,"1,800,010","1,790,000",מכירה,1833855.0,"10,010",1200880,גלעד פקדון אגח א,102.50
סיוון שושן לישע,21/05/2024,000,"593,360",272,מכירה,0.0,"593,088",1106038,אופציה למניה,
דב קוטלר,21/05/2024,0.00,"12,765","3,515",קניה,0.0,"16,280",662577,"בנה""פ מ.ר.","3,354.00"
"אופל פמילי אופיס בע""מ",21/05/2024,410.04,"50,000","4,287",קניה,17578.414800000002,"54,287",1172972,מאסיבית מניה רגילה,385.90
מר שלמה פרידמן באמצעות חברה בשליטתו,21/05/2024,102.44,"1,806,441","6,431",מכירה,6587.9164,"1,800,010",1200880,גלעד פקדון אגח א,102.50
ירון יחזקאל,21/05/2024,409.85,"931,667","8,335",קניה,34160.997500000005,"940,002",1172972,מאסיבית מניה רגילה,385.90
טניה פרידמן,21/05/2024,"1,510","8,047","8,047",מכירה,121509.7,0,1123355,מניה רגילה,"1,484.00"
"כלל החזקות עסקי ביטוח בע""מ- נוסטרו",20/05/2024,"36,478.10","44,559","27,234",מכירה,9934445.754,"17,325",1100007,"מניות רגילות בנות 5 ש""ח ע.נ. כל אחת","36,070.00"
קרן השקעות פרודיג'י קפיטל,20/05/2024,"9,194","7,105","2,286",קניה,210174.84,"9,391",1104363,ברק בית השקעות מניה רגילה ,"7,497.00"
"איילון בית השקעות בע""מ",20/05/2024,407,"235,965","109,137",קניה,444187.59,"345,102",1095223,מניה רגילה,413.60
עמית כוכבי ,20/05/2024,100,"120,702","10,000",מכירה,10000.0,"110,702",1176304,שמיים אפ 05/21,
"ריט 1 שירותי ניהול בע""מ",20/05/2024,"1,594.5","465,143","88,315",קניה,1408182.675,"553,458",1098920,ריט 1 מניה רגילה,"1,375.00"
"סאמיט אחזקות נדל""ן בע""מ",20/05/2024,"36,529","1,029,225","675,234",קניה,246656227.86,"1,704,459",1100007,"מניות רגילות בנות 5 ש""ח ע.נ. כל אחת","36,070.00"
"פאי פיתוח מכשירים פיננסיים בע""מ",20/05/2024,100.06,"9,876,844","150,000",קניה,150090.0,"10,026,844",1206580,פאי פיקדון אגח ג,100.11
מר שלמה פרידמן באמצעות חברה בשליטתו,20/05/2024,102.31,"1,505,010","301,431",קניה,308394.05610000005,"1,806,441",1200880,גלעד פקדון אגח א,102.50
אביתר כהן שלגליד,20/05/2024,"1,250",0,"6,000",קניה,75000.0,"6,000",1205038,קנאשור אפ אחרים,
מר שלמה פרידמן באמצעות חברה בשליטתו,19/05/2024,102.29,"1,510,449","5,439",מכירה,5563.553100000001,"1,505,010",1200880,גלעד פקדון אגח א,102.50
מיכאל גרוסמן,20/05/2024,865,"1,584,542","424,729",מכירה,3673905.85,"1,159,813",1185966,אופציות לא סחירות (סדרה ג'),
יריב לרנר,08/05/2024,100,"2,990,598","300,000",קניה,300000.0,"3,290,598",1173582,פליינג ספארק,79.90
"משק אנרגיה - אנרגיות מתחדשות בע""מ",19/05/2024,"6,000",0,"502,299",קניה,30137940.0,"502,299",0000000,מניית בכורה,
רונן שטרנבך,19/05/2024,205,"16,560,022","3,252",קניה,6666.599999999999,"16,563,274",1083658,מניה רגילה,220.00
יוסף סנדלר,19/05/2024,"5,570","9,000,000","794,729",מכירה,44266405.300000004,"8,205,271",1176593,נקסט ויז'ן - מניה ,"5,528.00"
"אלטשולר-שחם ניהול קרנות נאמנות בע""מ",08/05/2024,245.5,"1,864,797","1,886,907",קניה,4632356.6850000005,"3,751,704",1194513,מניה רגילה,226.10
נחמן בנשעיה,16/05/2024,"5,791.37","2,962,779","25,901",מכירה,1500022.7437,"2,936,878",1176593,נקסט ויז'ן - מניה ,"5,528.00"
בנימין ברון,21/09/2023,"14,200","731,547.19","15,681",קניה,2226702.0,"747,228.19",686014,מניות רגילות,"14,450.00"
מרדכי בירמן,15/05/2024,895.96,"2,062,166.60","1,674",קניה,14998.3704,"2,063,840.60",530014,בירמן-רגיל,838.20
"פאי פיתוח מכשירים פיננסיים בע""מ",16/05/2024,100.01,0,"9,876,844",קניה,9877831.6844,"9,876,844",1206580,פאי פיקדון אגח ג,100.11
"הפניקס אחזקות בע""מ - פניקס מששתף ביטוחי חיים",15/05/2024,"6,600","37,908","37,908",מכירה,2501928.0,0,1080753,אילקס מדיקל מניות רגילות,"6,466.00"
אראס מירפנדרסקי,15/05/2024,133,"70,000","37,000",קניה,49210.0,"107,000",1170265,אקווארי אפ11/20,
עמית כוכבי ,15/05/2024,100,"140,702","20,000",מכירה,20000.0,"120,702",1176304,שמיים אפ 05/21,
גפני זיו,15/05/2024,833,"5,294","30,000",קניה,249900.0,"35,294",1181742,טורבוג'ן (מניות רגילות),878.00
קובי (יעקב) בנטקובסקי,09/05/2024,1,"75,000","54,935",מכירה,549.35,"20,065",1206408,ווטר זכויות 1 ,229.10
קובי (יעקב) בנטקובסקי,09/05/2024,1,"75,000","54,935",מכירה,549.35,"20,065",1206408,ווטר זכויות 1 ,229.10
איתי רושקביץ,15/05/2024,100.00,0,"200,000",קניה,200000.0,"200,000",1206580,פאי פיקדון אגח ג,100.11
"אלטשולר שחם גמל ופנסיה בע""מ",09/05/2024,"21,647.65","1,685,388","456,023",מכירה,98718262.9595,"1,229,365",1084698,חילן - מניה רגילה,"20,600.00"
"אלפא אל טי איי בע""מ",_________,_________,"498,558","117,220",מכירה,לא ידוע,"381,338",282012,אימקו מניות רגילות,"3,444.00"
מר שלמה פרידמן באמצעות חברה בשליטתו,12/05/2024,102.27,"1,525,010","14,561",מכירה,14891.534699999998,"1,510,449",1200880,גלעד פקדון אגח א,102.50
"פאי פיתוח מכשירים פיננסיים בע""מ",12/05/2024,104.04,"869,519","218,000",קניה,226807.2,"1,087,519",1199454,פאי פיקדון אגח א,104.24
"הפניקס אחזקות בע""מ - נוסטרו",10/04/2024,826.56,"698,208","60,000",מכירה,495935.99999999994,"638,208",1168558,מקס סטוק מניה רגילה,954.30
אסי חורב,09/05/2024,"1,600","5,000",555,קניה,8880.0,"5,555",1202837,אופציות סדרה 3,"1,353.00"
אריאל גורפונג,08/05/2024,368,"2,096,486","6,083",קניה,22385.440000000002,"2,102,569",1170240,מניות רגילות,356.80
"הפניקס אחזקות בע""מ - קופות גמל",08/05/2024,99.50,0,"66,200,000",קניה,65869000.0,"66,200,000",1205715,אגרות חוב (סדרה יט'),99.41
שרונה שניצר,08/05/2024,"31,500",266,318,קניה,100170.0,584,716019,מטעי1),"31,400.00"
אלכסנדר ליפשיץ,06/05/2024,98.8,"66,667","37,514",קניה,37063.832,"104,181",1132331,"קבוצת אשטרום - אג""ח ב'",99.13
מנדל ג'פרי,08/05/2024,"3,170","6,612,672","1,366,755",מכירה,43326133.5,"5,245,917",1173491,"מניות רגילות בנות 1 ש""ח ע.נ. כ""א","3,216.00"
חיים ויספיש,07/05/2024,456,"1,754,023","17,242",קניה,78623.51999999999,"1,771,265",1139195,"מניות רגילות בנות 0.01 ש""ח ע.נ. כ""א",415.80
מר שלמה פרידמן באמצעות חברה בשליטתו,08/05/2024,109.00,"200,000","200,000",מכירה,218000.00000000003,0,1162304,אלה פקדון אגח ד,108.77
מר שלמה פרידמן באמצעות חברה בשליטתו,08/05/2024,102.16,"1,495,010","30,000",קניה,30648.000000000004,"1,525,010",1200880,גלעד פקדון אגח א,102.50
רונן שטרנבך,08/05/2024,204,"16,551,522","8,500",קניה,17340.0,"16,560,022",1083658,מניה רגילה,220.00
"רישן בנין והשקעות בע""מ",08/05/2024,245.5,"18,329,908","12,219,938",קניה,29999947.79,"30,549,846",1194513,מניה רגילה,226.10
מתתיהו דב,07/05/2024,456,"338,674","13,062",קניה,59562.719999999994,"351,736",1139195,"מניות רגילות בנות 0.01 ש""ח ע.נ. כ""א",415.80
בן-משה מרדכי,30/05/2024,"26,238.18","230,428","7,746",קניה,2032409.4228,"238,174",1098565,מניות רגילות,"26,640.00"
"ספירל קרנות גידור בע""מ",29/05/2024,700,"715,232",268,קניה,1876.0,"715,500",1095785,מניות רגילות,718.40
נורסטאר החזקות אינק. ,30/05/2024,907.5,"89,609,047","35,779",קניה,324694.425,"89,644,826",126011,מניה רגילה ,922.80
אורי אלטשולר,30/05/2024,"26,185.64",0,381,קניה,99767.2884,381,1098565,מניות רגילות,"26,640.00"
שלמה איזנברג ,30/05/2024,"29,600","2,869,990","1,700",קניה,503200.0,"2,871,690",1202977,ישרס אחזקות מניה רגילה,"30,660.00"
עופר ינאי,30/05/2024,"8,794.87","9,804,846.8","5,666",קניה,498317.33420000004,"9,810,512.8",1170877,"נופר מ""ר","8,752.00"
איתי גורן,30/05/2024,705.1,"24,913,965","2,639",קניה,18607.589,"24,916,604",1180595,בלגו  מניות רגילות,716.20
חיים מר,30/05/2024,"1,240","3,979,136","1,000",קניה,12400.0,"3,980,136",338012,ח.מר מניה רגילה,"1,384.00"
ארז בוגנים,30/05/2024,"1,581","15,368","11,620",קניה,183712.2,"26,988",1084953,"סינאל מלל פייוויי בע""מ","1,620.00"
"בי קומיוניקיישנס בע""מ ",30/05/2024,447,"752,411,708","990,947",קניה,4429533.09,"753,402,655",230011,מניה רגילה,450.00
רונן שטרנבך,30/05/2024,213.5,"16,566,489","121,461",קניה,259319.235,"16,687,950",1083658,מניה רגילה,223.00
"לאנדלן השקעות בע""מ",30/05/2024,269.33,"129,110,723","420,844",קניה,1133459.1452,"129,531,567",394015,יחידות השתתפות,279.70
"חברה ישראלית לספנות והספקה בע""מ",30/05/2024,"6,250","8,414,867.8","60,000",קניה,3750000.0,"8,474,867.8",621011,"קרור מ""ר 1","6,475.00"
אלי לוי,30/05/2024,798.40,"5,103,522","25,000",קניה,199600.0,"5,128,522",1141464,מור השקעות - מניה רגילה,828.00
מר שלמה פרידמן באמצעות חברה בשליטתו,30/05/2024,102.50,"90,010",815,קניה,835.3749999999999,"90,825",1200880,גלעד פקדון אגח א,102.50
"פאי פיתוח מכשירים פיננסיים בע""מ",30/05/2024,100.16,"10,026,844","811,233",קניה,812530.9728,"10,838,077",1206580,פאי פיקדון אגח ג,100.19
איציק בן אליעזר,30/05/2024,69,"7,978,398","72,463",קניה,49999.469999999994,"8,050,861",1080597,מניה רגילה,64.80
ארנית כהן,29/05/2024,"1,073","27,000","1,846",מכירה,19807.58,"25,154",1168251,אופציות (לא רשומות) טכ גילוי אש 2019,
איתי גורן,29/05/2024,710,"24,909,265","4,700",קניה,33370.0,"24,913,965",1180595,בלגו  מניות רגילות,716.20
"חברה ישראלית לספנות והספקה בע""מ",29/05/2024,"6,250","8,414,485.8",382,קניה,23875.0,"8,414,867.8",621011,"קרור מ""ר 1","6,475.00"
יחיאל ספקטור,28/05/2024,999.8,"574,052","7,088",קניה,70865.824,"581,140",1165307,טכנולוגיות מניה רגילה,995.90
ריאן מואנד,29/05/2024,603,"16,084,104","16,310",קניה,98349.3,"16,100,414",1170950,מלרן - מניה רגילה,597.80
מוטי קירשנבאום,29/05/2024,"36,559","8,992","1,499",מכירה,548019.4099999999,"7,493",1175157,פז נפט אפ- כתבי אופציה (לא רשומים),
"לאנדלן השקעות בע""מ",29/05/2024,266.94,"128,960,247","150,476",קניה,401680.6344,"129,110,723",394015,יחידות השתתפות,279.70
דוד ג'רבי,29/05/2024,500,0,"32,760",קניה,163800.0,"32,760",1120161,מניה רגילה,332.20
חיים מר,29/05/2024,"1,402","3,978,136","1,000",קניה,14020.0,"3,979,136",338012,ח.מר מניה רגילה,"1,384.00"
בועז נוי,27/05/2024,36.59,"221,818","273,300",קניה,100000.47000000002,"495,118",1171933,מניה רגילה,36.00
ירון אילוז,28/05/2024,45,"2,864,280","1,000,000",קניה,450000.0,"3,864,280",433011,"נקסטייג', מניה רגילה בת 2 ש""ח ע""נ כ""א",69.20
מר שלמה פרידמן באמצעות חברה בשליטתו,28/05/2024,107.37,0,"163,536",קניה,175588.6032,"146,447",1189398,אלה פקדון אגח ו,107.37
"אלרוב נדל""ן ומלונאות בע""מ",28/05/2024,"5,700","11,120,076","95,735",קניה,5456895.0,"11,215,811",224014,"מניה רגילה, 1 ש""ח","5,942.00"
ריאן מואנד,28/05/2024,612,"16,067,507","16,597",קניה,101573.64,"16,084,104",1170950,מלרן - מניה רגילה,597.80
שרון שוופי,28/05/2024,99.5,"72,067.28","75,316",קניה,74939.42,"147,383.28",1160571,אגרות חוב (סדרה ב'),99.32
גבריאל בוגנים,28/05/2024,"1,576","3,509,039","14,614",קניה,230316.63999999998,"3,523,653",1084953,"סינאל מלל פייוויי בע""מ","1,620.00"
אברהם אלימלך,28/05/2024,55,"760,000","30,400",קניה,16720.0,"790,400",544015,מניה רגילה,49.40
כהן שלמה,28/05/2024,129.82,"125,347","2,500",מכירה,3245.5,"122,847",1171263,מקס סטוק אפ2020 אופציה למניה,
קרן השקעות פרודיג'י קפיטל,27/05/2024,"7,500","9,391","2,555",קניה,191625.0,"11,946",1104363,ברק בית השקעות מניה רגילה ,"7,058.00"
איתי גורן,28/05/2024,718.1,"24,909,176",89,קניה,639.109,"24,909,265",1180595,בלגו  מניות רגילות,716.20
רועי דגני,28/05/2024,122,"24,888,269","3,500,000",מכירה,4270000.0,"21,388,269",363010,אירודרום קבוצה - מניה רגילה,108.10
"כרמל ארגמן השקעות בע""מ",27/05/2024,35.51,"9,518,104","1,488,831",מכירה,528683.8881,"8,029,273",1171933,מניה רגילה,36.00
חיים מר,27/05/2024,"1,534","3,977,636",500,קניה,7670.0,"3,978,136",338012,ח.מר מניה רגילה,"1,384.00"
"אלרוב נדל""ן ומלונאות בע""מ",27/05/2024,"5,713.62","11,108,977","11,099",קניה,634154.6838,"11,120,076",224014,"מניה רגילה, 1 ש""ח","5,942.00"
מר שלמה פרידמן באמצעות חברה בשליטתו,27/05/2024,107.40,"1,010","18,099",מכירה,19438.326,0,1189398,אלה פקדון אגח ו,107.37
ריאן מואנד,27/05/2024,571,"16,060,497","7,010",קניה,40027.1,"16,067,507",1170950,מלרן - מניה רגילה,597.80
איתי גורן,27/05/2024,719,"24,904,865","4,311",קניה,30996.09,"24,909,176",1180595,בלגו  מניות רגילות,716.20
"בי קומיוניקיישנס בע""מ ",06/06/2024,434,"754,082,655","687,502",קניה,2983758.6799999997,"754,770,157",230011,מניה רגילה,431.70
"חברה ישראלית לספנות והספקה בע""מ",06/06/2024,"6,233.22","8,476,124.8",605,קניה,37710.981,"8,476,729.8",621011,"קרור מ""ר 1","6,264.00"
מר שלמה פרידמן באמצעות חברה בשליטתו,06/06/2024,107.47,"146,447","4,112",מכירה,4419.1664,"142,335",1189398,אלה פקדון אגח ו,107.47
שלמה איזנברג ,06/06/2024,"29,430","2,873,650","1,600",קניה,470880.0,"2,875,250",1202977,ישרס אחזקות מניה רגילה,"29,280.00"
אלי לוי,06/06/2024,793.50,"5,128,522","20,900",קניה,165841.5,"5,149,422",1141464,מור השקעות - מניה רגילה,784.40
"נוקד קפיטל בע""מ",05/06/2024,"48,518.69","208,774","65,059",קניה,31565774.527100004,"273,833",1168186,"מניות רגילות בנות 1 ש""ח ענ כ""א","49,010.00"
אילן ניסן כהן,04/03/2021,0.00,"1,378,876","448,960",קניה,0.0,"1,827,836",1140599,אופציות לא רשומות למסחר,
פרבר ניר,06/06/2024,507.59,"100,000",38,מכירה,192.8842,"99,962",1172766,"קרסו מ'אפ02/21ב, אופציה למניה",
ביטון אליהו,05/06/2024,474.7,"1,400,000","635,042",קניה,3014544.374,"2,035,042",1171669,מולטי ריטייל - מניה רגילה ,476.50
"אלרוב נדל""ן ומלונאות בע""מ ",30/05/2024,"5,850","11,215,811","164,928",קניה,9648288.0,"11,380,739",224014,"מניה רגילה, 1 ש""ח","5,614.00"
חיים גייר,05/06/2024,"19,874","3,000,909",175,קניה,34779.5,"3,001,084",431015,איי אי אס מר 1 שח (431015),"19,000.00"
אליהו שחר,05/06/2024,748,"42,483","5,350",קניה,40018.0,"47,833",723007,נורסטאר מניה רגילה,727.70
שמואל מילנר,05/06/2024,819.59,"5,834,505","3,358",קניה,27521.8322,"5,837,863",1083377,טופ מערכות,801.30
יאיר גולדפינגר,05/06/2024,473,"27,137,065","2,551",קניה,12066.230000000001,"27,139,616",1139955,מניות רגילות מדיפאואר,483.80
ריאן מואנד,05/06/2024,582,"16,106,749","9,688",קניה,56384.16,"16,116,437",1170950,מלרן - מניה רגילה,588.30
"אלרוב נדל""ן ומלונאות בע""מ ",05/06/2024,"5,730.13","11,380,739","31,632",קניה,1812554.7215999998,"11,412,371",224014,"מניה רגילה, 1 ש""ח","5,614.00"
יעקב (ינקלה) שחר,02/06/2024,451,"116,050","116,050",מכירה,523385.5,0,1172683,אל על אפ 2,34.10
שלומי פרילינג,05/06/2024,"34,780",0,287,קניה,99818.6,287,1100007,"מניות רגילות בנות 5 ש""ח ע.נ. כל אחת","35,130.00"
"אלון גז פיתוח אנרגיה בע""מ",05/06/2024,"1,520","10,991,912","70,000",קניה,1064000.0,"11,061,912",1129493,תומר אנרגיה,"1,458.00"
"בי קומיוניקיישנס בע""מ ",05/06/2024,443,"753,402,655","680,000",קניה,3012400.0,"754,082,655",230011,מניה רגילה,431.70
"כוכב המערב אחזקות בע""מ",05/06/2024,55,"22,519,050","900,762",קניה,495419.10000000003,"23,419,812",544015,מניה רגילה,46.90
"פאי פיתוח מכשירים פיננסיים בע""מ",05/06/2024,100.23,"13,246,077","100,000",קניה,100230.0,"13,346,077",1206580,פאי פיקדון אגח ג,100.23
ארז בוגנים,05/06/2024,"1,600","28,711","10,000",קניה,160000.0,"38,711",1084953,"סינאל מלל פייוויי בע""מ","1,515.00"
"פאי פיתוח מכשירים פיננסיים בע""מ",05/06/2024,102.50,"852,255","200,000",קניה,204999.99999999997,"1,052,255",1201144,פאי פיקדון אגח ב,102.57
תנחום אורן,05/06/2024,"2,500","7,684,626","10,000",קניה,250000.0,"7,694,626",769026,רפק 1,"2,447.00"
תנחום אורן,05/06/2024,"1,025","68,971","20,000",קניה,205000.0,"88,971",1142454,אלמור חשמל ,"1,025.00"
שלמה איזנברג ,05/06/2024,"29,900","2,871,850","1,800",קניה,538200.0,"2,873,650",1202977,ישרס אחזקות מניה רגילה,"29,280.00"
מר שלמה פרידמן באמצעות חברה בשליטתו,05/06/2024,102.53,"100,986","27,338",קניה,28029.651400000002,"128,324",1200880,גלעד פקדון אגח א,102.55
ארנית כהן,04/06/2024,"1,000","25,154","4,654",מכירה,46540.0,"20,500",1168251,אופציות (לא רשומות) טכ גילוי אש 2019,
"חברה לנכסים ולבנין בע""מ",05/06/2024,"2,742","175,915,589","5,154,096",קניה,141325312.32000002,"181,069,685",759019,"מניה רגילה 0.01 ש""ח ע.נ.","2,452.00"
משה מגיד,05/06/2024,84.21,"14,810","1,000",מכירה,842.0999999999999,"13,810",1080985,ישרוטל מניה רגילה,"7,780.00"
"כלל החזקות עסקי ביטוח בע""מ (ביטוח משתתף ברווחים)",03/06/2024,"5,444.73","11,528,739","3,333,172",מכירה,181482215.8356,"8,195,567",1095835,מניה רגילה,"5,198.00"
סיוון שושן לישע,04/06/2024,000,"593,088",511,מכירה,0.0,"592,577",1106038,אופציה למניה,
יאיר גולדפינגר,04/06/2024,473,"27,136,887",178,קניה,841.94,"27,137,065",1139955,מניות רגילות מדיפאואר,483.80
רונן שטרנבך,04/06/2024,223,"16,687,950","637,732",קניה,1422142.36,"17,325,682",1083658,מניה רגילה,225.00
רועי טויזר,04/06/2024,"3,500.00","30,000",211,מכירה,7385.0,"29,789",539015,"מניה רגילה 1 ש""ח ע.נ","3,317.00"
"ארגמן תעשיות בע""מ",03/06/2024,52.5,"30,000,000","3,750,000",קניה,1968750.0,"33,750,000",1104033,מניה,
שלום חגי,04/06/2024,544.04,"49,869,998","1,000",קניה,5440.4,"49,870,998",103010,טיב טעם,522.70
מר שלמה פרידמן באמצעות חברה בשליטתו,04/06/2024,102.53,"90,841","10,145",קניה,10401.668500000002,"100,986",1200880,גלעד פקדון אגח א,102.55
שניידר אלכס,04/06/2024,750,"20,438,917","130,000",קניה,975000.0,"20,568,917",1105196,מישורים מניה רגילה,681.40
ריאן מואנד,04/06/2024,610,"16,106,110",639,קניה,3897.8999999999996,"16,106,749",1170950,מלרן - מניה רגילה,588.30
יאיר גולדפינגר,04/06/2024,472.99,"27,129,045","7,842",קניה,37091.8758,"27,136,887",1139955,מניות רגילות מדיפאואר,483.80
סבסטיאן קרפ,04/06/2024,"7,045",0,"1,381",קניה,97291.45,"1,381",280016,מניות רגילות,"6,307.00"
מר שלמה פרידמן באמצעות חברה בשליטתו,03/06/2024,102.50,"90,825",16,קניה,16.4,"90,841",1200880,גלעד פקדון אגח א,102.55
איתי גורן,04/06/2024,785.82,"24,920,703","16,657",קניה,130894.0374,"24,937,360",1180595,בלגו  מניות רגילות,772.70
"פאי פיתוח מכשירים פיננסיים בע""מ",04/06/2024,100.20,"12,758,077","488,000",קניה,488976.0,"13,246,077",1206580,פאי פיקדון אגח ג,100.23
ארז בוגנים,30/05/2024,"1,591","26,988","1,723",קניה,27412.93,"28,711",1084953,"סינאל מלל פייוויי בע""מ","1,515.00"
בן נועם יוסף,03/06/2024,"14,830",499,499,מכירה,74001.70000000001,0,1172337, מיכמן מניה רגילה,"14,860.00"
"חברה ישראלית לספנות והספקה בע""מ",04/06/2024,"6,222.89","8,474,867.8","1,257",קניה,78221.7273,"8,476,124.8",621011,"קרור מ""ר 1","6,264.00"
"גרין אלסקה בע""מ",03/06/2024,210.64,"38,061,749.29","22,080",מכירה,46509.312,"38,039,669.29",756015,פטרוכימיים-ש מניה רגילה,173.70
ירון אילוז,02/06/2024,70.8,"3,864,280","8,741",מכירה,6188.628,"3,855,539",433011,"נקסטייג', מניה רגילה ללא ע.נ",75.00
ישראלי אברהם,03/06/2024,"10,403.65","15,675","15,675",מכירה,1630772.1374999997,0,694034,מניה רגילה,"9,807.00"
מואב גפני,03/06/2024,1,"120,727","12,688",מכירה,126.88000000000001,"108,039",1176957,אופציות לא סחירות המירות למניות רגילות,
מר שלמה פרידמן באמצעות חברה בשליטתו,03/06/2024,104.80,"14,414,591","106,282",מכירה,111383.53600000001,"14,308,309",1197045,אלה פקדון אגח ט,105.86
מואב גפני,03/06/2024,1,"120,727","12,688",מכירה,126.88000000000001,"108,039",1176957,אופציות לא סחירות המירות למניות רגילות,
שניידר אלכס,03/06/2024,750,"19,894,917","544,000",קניה,4080000.0,"20,438,917",1105196,מישורים מניה רגילה,681.40
רון שטרן,03/06/2024,474,"122,333","5,000",קניה,23700.0,"127,333",1139955,מניות רגילות מדיפאואר,483.80
נורסטאר החזקות אינק. ,03/06/2024,914,"89,644,826","30,000",קניה,274200.0,"89,674,826",126011,מניה רגילה ,944.80
איתי גורן,03/06/2024,755,"24,916,604","4,099",קניה,30947.45,"24,920,703",1180595,בלגו  מניות רגילות,772.70
"פאי פיתוח מכשירים פיננסיים בע""מ",03/06/2024,100.20,"11,038,077","1,720,000",קניה,1723440.0,"12,758,077",1206580,פאי פיקדון אגח ג,100.23
מאיר יעקובסון,03/06/2024,55,"726,895","29,076",קניה,15991.800000000001,"755,971",544015,מניה רגילה,46.90
דרור פלנבאום,30/05/2024,"33,845","15,329","2,135",מכירה,722590.75,"13,194",314013,דנאל,"31,520.00"
דוד מיכאל,02/06/2024,929.05,"38,433","3,225",קניה,29961.8625,"41,658",1138379,שגריר מניה רגילה,904.30
משה נור,02/06/2024,"1,291","1,757,024",800,קניה,10328.0,"1,757,824",1175728,"נור, מניות רגילות","1,179.00"
דוד מיכאל,02/06/2024,929.05,"38,433","3,225",קניה,29961.8625,"41,658",1138379,שגריר מניה רגילה,904.30
ריאן מואנד,02/06/2024,596,"16,100,414","5,696",קניה,33948.159999999996,"16,106,110",1170950,מלרן - מניה רגילה,588.30
כהן שלמה,02/06/2024,129.82,"122,847","2,500",מכירה,3245.5,"120,347",1171263,מקס סטוק אפ2020 אופציה למניה,
בן-משה מרדכי,02/06/2024,"26,972.86","238,174","8,535",קניה,2302133.6010000003,"246,709",1098565,מניות רגילות,"25,870.00"
"פאי פיתוח מכשירים פיננסיים בע""מ",02/06/2024,100.17,"10,838,077","200,000",קניה,200340.0,"11,038,077",1206580,פאי פיקדון אגח ג,100.23
קרן השקעות פרודיג'י קפיטל,30/05/2024,"8,490","11,946",42,קניה,3565.8,"11,988",1104363,ברק בית השקעות מניה רגילה ,"7,035.00"
דרור פלנבאום,02/06/2024,"33,946","13,194","2,600",מכירה,882596.0,"10,594",314013,דנאל,"31,520.00"
ערן מימון,02/06/2024,156,"237,995","21,636",מכירה,33752.16,"216,359",1161967,אפולו אפ (11/2019),
אורי רוזנברג ,02/06/2024,"1,159","34,946","7,937",קניה,91989.83,"42,883",1090943,רם און,"1,134.00"
אורי רוזנברג ,02/06/2024,"1,159","34,946","7,937",קניה,91989.83,"42,883",1090943,רם און,"1,134.00"
שלמה איזנברג ,02/06/2024,"30,200","2,871,690",160,קניה,48320.0,"2,871,850",1202977,ישרס אחזקות מניה רגילה,"29,280.00"
דרור פלנבאום,30/05/2024,"33,845","15,329","2,135",מכירה,722590.75,"13,194",314013,דנאל,"31,520.00"
גבי בוגנים,10/06/2024,"1,168","11,073,028","8,444",קניה,98625.92,"11,081,472",1190628,מניה רגילה,"1,242.00"
אורן מילר,10/06/2024,514.8,"46,292","1,026",קניה,5281.848,"47,318",103010,טיב טעם,518.30
"כלל החזקות עסקי ביטוח בע""מ",06/06/2024,"17,856","732,670","244,388",מכירה,43637921.28,"488,282",699017,"מניות רגילות בנות 1 ש""ח","19,740.00"
ארז בוגנים,10/06/2024,"1,600","43,711","5,000",קניה,80000.0,"48,711",1084953,"סינאל מלל פייוויי בע""מ","1,520.00"
שמואל מסנברג,10/06/2024,727.5,"1,000","3,000",קניה,21825.0,"4,000",723007,מניה רגילה,900.30
אליהו שחר,10/06/2024,706,"47,833","5,656",קניה,39931.36,"53,489",723007,נורסטאר מניה רגילה,900.30
שלום חגי,10/06/2024,515.32,"49,876,698","1,600",קניה,8245.12,"49,878,298",103010,טיב טעם,518.30
בנימין חגאי גבאי,10/06/2024,"3,422","60,102","29,247",קניה,1000832.34,"89,349",767012,הפניקס,"3,658.00"
אייל בן סימון ,10/06/2024,"3,411",0,"29,353",קניה,1001230.83,"29,353",767012,פניקס 1 מניה רגילה ,"3,658.00"
"חברה ישראלית לספנות והספקה בע""מ",10/06/2024,"6,250","8,476,729.8","1,002",קניה,62625.0,"8,477,731.8",621011,"קרור מ""ר 1","6,379.00"
רונן שטרנבך,10/06/2024,226,"17,520,347","71,785",קניה,162234.09999999998,"17,592,132",1083658,מניה רגילה,215.50
עופר נמרודי,10/06/2024,"2,955.18","9,516,485","13,589",קניה,401579.4102,"9,530,074",612010,מניה רגילה,"3,079.00"
גרשון מילר,10/06/2024,356.50,"3,798,495","9,000",קניה,32085.0,"3,807,495",1172972,מאסיבית מניה רגילה,269.70
ירון יחזקאל,10/06/2024,349.98,"945,002","9,000",קניה,31498.2,"954,002",1172972,מאסיבית מניה רגילה,269.70
ראובן אלון,10/06/2024,787.8,"20,987",1,קניה,7.877999999999999,"20,988",1091933,"גולן פלסטיק - מניה רגילה 1 ש""ח ע.נ",933.50
נילי שחר,10/06/2024,725,"10,867,635","416,725",קניה,3021256.25,"11,284,360",1185362,בית וגג מניה רגילה,668.00
עמית גלר,13/06/2024,"1,219.52","1,800,000","3,281",מכירה,40012.451199999996,"1,796,719",1171818,אב-גד מניה רגילה,"1,329.00"
מואב גפני,03/06/2024,1,"120,727","12,688",מכירה,126.88000000000001,"108,039",1176957,אופציות לא סחירות המירות למניות רגילות,
נתן ריקה,13/06/2024,710.2,"18,189","6,063",מכירה,43059.426,"12,126",1139641,אופציות למניות,
מר שלמה פרידמן באמצעות חברה בשליטתו,13/06/2024,107.69,"142,335","20,000",קניה,21538.0,"162,335",1189398,אלה פקדון אגח ו,108.06
מר שלמה פרידמן באמצעות חברה בשליטתו,13/06/2024,102.66,"120,010","94,523",מכירה,97037.3118,"25,487",1200880,גלעד פקדון אגח א,103.15
יעקב סלע,13/06/2024,57,0,"1,000,000",קניה,570000.0,"1,000,000",1192186,אקסיליון אופציות (לא סחירות) סדרה יא,
רוזנברג עודד,13/06/2024,156,"807,788","22,335",קניה,34842.6,"830,123",1082114,אפולו פאוור (מניה רגילה),576.90
"הפניקס בית השקעות בע""מ - קרנות נאמנות",06/06/2024,"2,239","605,364.73","662,137.23",קניה,14825252.5797,"1,267,501.96",265017,אורביט מניה רגילה,"2,375.00"
יוסף נוריאל,09/06/2024,800,"3,011","3,011",מכירה,24088.0,0,1206945,"כתבי זכות (רשומים), נור זכויות 1",405.20
"פאי פיתוח מכשירים פיננסיים בע""מ",13/06/2024,104.45,"1,842,116","1,600,000",מכירה,1671200.0,"242,116",1199454,פאי פיקדון אגח א,105.00
"פאי פיתוח מכשירים פיננסיים בע""מ",13/06/2024,102.70,"1,052,255","24,374",קניה,25032.098,"1,076,629",1201144,פאי פיקדון אגח ב,103.13
"פאי פיתוח מכשירים פיננסיים בע""מ",13/06/2024,100.32,"13,546,077","11,544",קניה,11580.940799999998,"13,557,621",1206580,פאי פיקדון אגח ג,100.65
קרן השקעות פרודיג'י קפיטל,10/06/2024,"7,235","15,338",567,קניה,41022.45,"15,905",1104363,ברק בית השקעות מניה רגילה ,"5,148.00"
"לאנדלן השקעות בע""מ",13/06/2024,262.95,"129,531,567","202,931",קניה,533607.0645,"129,734,498",394015,יחידות השתתפות,288.50
עופר נמרודי,13/06/2024,"3,092.09","9,530,074","4,167",קניה,128847.39030000001,"9,534,241",612010,מניה רגילה,"3,079.00"
"רפק תקשורת ותשתיות בע""מ",13/06/2024,"1,020","17,211,420","1,790,552",קניה,18263630.4,"19,001,972",1142454,אלמור חשמל  ,997.30
דמרי יגאל,13/06/2024,"27,699","11,978,213","1,085",קניה,300534.15,"11,979,298",1090315,מניה,"31,210.00"
"רציו אנרגיות ניהול בע""מ",13/06/2024,109.48,"3,557,200","5,000,000",קניה,5474000.0,"8,557,200",1178144,רציו מימון אגחד,107.26
יחיאל ספקטור,10/06/2024,"1,032.5","581,140","2,016",קניה,20815.199999999997,"583,156",1165307,טכנולוגיות מניה רגילה,"1,089.00"
אריאל גורפונג,13/06/2024,243.7,"2,102,569","150,000",מכירה,365550.0,"1,952,569",1170240,מניות רגילות,198.60
אלי אדדי,15/06/2024,000,"883,564","61,666",מכירה,0.0,"821,898",1106038,אופציה למניה,
"פאי פיתוח מכשירים פיננסיים בע""מ",16/06/2024,102.76,"1,076,629","53,332",קניה,54803.963200000006,"1,129,961",1201144,פאי פיקדון אגח ב,103.13
"פאי פיתוח מכשירים פיננסיים בע""מ",16/06/2024,100.34,"13,557,621","37,640",קניה,37767.976,"13,595,261",1206580,פאי פיקדון אגח ג,100.65
"לאנדלן השקעות בע""מ",16/06/2024,260.78,"129,734,498","183,331",קניה,478090.5817999999,"129,917,829",394015,יחידות השתתפות,288.50
שמיר מאיר,16/06/2024,"13,429.64","3,776,378",720,קניה,96693.40800000001,"3,777,098",127019,"מבטח שמיר מ""ר","15,670.00"
"ג'נריישן ניהול בע""מ",16/06/2024,49.95,"5,630,000","1,001,104",קניה,500051.44800000003,"6,631,104",1156926,"ג'נריישן קפיטל, מניה רגילה",55.50
שלום חגי,16/06/2024,507.87,"49,878,298",250,קניה,1269.6750000000002,"49,878,548",103010,טיב טעם,518.30
מר שלמה פרידמן באמצעות חברה בשליטתו,16/06/2024,107.69,"162,335",550,קניה,592.295,"162,885",1189398,אלה פקדון אגח ו,108.06
בן-משה מרדכי,16/06/2024,"25,658.90","248,756","1,379",קניה,353836.23099999997,"250,135",1098565,מניות רגילות,"27,770.00"
אורן מילר,17/06/2024,500,"47,318","1,200",קניה,6000.0,"48,518",103010,טיב טעם,518.30
יוסף (ג'ואי) שוובל,16/06/2024,725,"6,721,000","500,070",קניה,3625507.5,"7,221,070",1185362,בית וגג מניה רגילה,668.00
ויקטור אדריאן בגס,16/06/2024,126.96,"6,989,014","10,000",קניה,12695.999999999998,"6,999,014",456012,אפסלון ברנדס מניה רגילה,128.50
שלום חגי,17/06/2024,499.1,"49,878,548",700,קניה,3493.7000000000003,"49,879,248",103010,טיב טעם,518.30
"גרין אלסקה בע""מ",16/06/2024,172.5,"37,996,146.29","8,000",מכירה,13800.0,"37,988,146.29",756015,פטרוכימיים-ש מניה רגילה,161.10
מר שלמה פרידמן באמצעות חברה בשליטתו,17/06/2024,102.80,"25,487",34,מכירה,34.952,"25,453",1200880,גלעד פקדון אגח א,103.15
"לאנדלן השקעות בע""מ",17/06/2024,262.20,"129,917,829","200,000",קניה,524400.0,"130,117,829",394015,יחידות השתתפות,288.50
"פאי פיתוח מכשירים פיננסיים בע""מ",17/06/2024,102.90,"1,129,961","76,628",מכירה,78850.21200000001,"1,053,333",1201144,פאי פיקדון אגח ב,103.13
"פאי פיתוח מכשירים פיננסיים בע""מ",17/06/2024,100.38,"13,595,261","200,000",קניה,200760.0,"13,795,261",1206580,פאי פיקדון אגח ג,100.65
משה נור,17/06/2024,"1,300","1,757,024","159,720",קניה,2076360.0,"1,916,744",1175728,"נור, מניות רגילות","1,055.00"
"פאי פיתוח מכשירים פיננסיים בע""מ",17/06/2024,104.67,"242,116","124,428",מכירה,130238.7876,"117,688",1199454,פאי פיקדון אגח א,105.00
שמיר מאיר,17/06/2024,"13,626.12","3,777,098",720,קניה,98108.064,"3,777,818",127019,"מבטח שמיר מ""ר","15,670.00"
"ג'נריישן ניהול בע""מ",17/06/2024,51.27,"6,631,104","974,305",קניה,499526.17350000003,"7,605,409",1156926,"ג'נריישן קפיטל, מניה רגילה",55.50
אר.פי.אס ניהול השקעות 2014 שותפות מוגבלת,17/06/2024,864.7,"1,957,250",621,קניה,5369.787,"1,957,871",1173145,קבסר,884.60
חיים כצמן ,17/06/2024,1.13,"468,900","468,900",מכירה,5298.57,0,1260603,"ג'י סיטי אג""ח יב'",112.15
חיים כצמן ,17/06/2024,711,"5,807,330.5","7,000",קניה,49770.0,"5,814,330.5",1260603,מניה רגילה,112.15
יאיר גולדפינגר,17/06/2024,465,"27,139,616","21,324",קניה,99156.6,"27,160,940",1139955,מניות רגילות מדיפאואר,481.40
"יפעת - בקרת פרסום בע""מ",17/06/2024,650,"4,587,783","10,000",קניה,65000.0,"4,597,783",271015,גיידליין מניה רגילה,650.00
חיים כצמן ,17/06/2024,113,"468,900","468,900",מכירה,529857.0,0,1260603,"ג'י סיטי אג""ח יב'",112.15
"פאי פיתוח מכשירים פיננסיים בע""מ",18/06/2024,104.8,"117,688","117,688",מכירה,123337.024,0,1199454,פאי פיקדון אגח א,105.00
אהרן כהן,18/06/2024,104.83,"760,000","125,000",מכירה,131037.5,"635,000",1199454,פאי פיקדון אגח א,105.00
מר שלמה פרידמן באמצעות חברה בשליטתו,18/06/2024,102.70,"25,453","2,067",מכירה,2122.809,"23,386",1200880,גלעד פקדון אגח א,103.15
עופר נמרודי,18/06/2024,"3,090.09","9,534,241","2,565",קניה,79260.8085,"9,536,806",612010,מניה רגילה,"3,079.00"
אר.פי.אס ניהול השקעות 2014 שותפות מוגבלת,18/06/2024,861.8,"1,957,871","2,322",קניה,20010.996,"1,960,193",1173145,קבסר,884.60
"קבוצת חנן מור השקעות 2006 בע""מ",17/06/2024,102.29,"7,322,243","1,002,448",מכירה,1025404.0592000001,"6,319,795",1102532,"מניות רגילות בנות 1 ש""ח ע.נ. כ""א",101.50
שמיר מאיר,18/06/2024,"13,523.83","3,777,818",353,קניה,47739.119900000005,"3,778,171",127019,"מבטח שמיר מ""ר","15,670.00"
רון אורן,10/06/2024,"1,000","69,385",50,קניה,500.0,"69,435",1142454,אלמור חשמל ,997.30
רוזן ברק,18/06/2024,69,"24,318,574","1,200,000",קניה,827999.9999999999,"25,518,574",1103852,די.אן.איי ביומד - מניה רגילה ללא ערך נקוב,68.70
איתמר פורמן,18/06/2024,"3,365","39,527","18,464",מכירה,621313.6,"21,063",662577,בנק הפועלים מ.ר,"3,560.00"
"ג'נריישן ניהול בע""מ",18/06/2024,51.97,"7,605,409","961,153",קניה,499511.2140999999,"8,566,562",1156926,"ג'נריישן קפיטל, מניה רגילה",55.50
ויקטור אדריאן בגס,18/06/2024,125,"6,999,014","40,000",קניה,50000.0,"7,039,014",456012,אפסלון ברנדס מניה רגילה,128.50
"יפעת - בקרת פרסום בע""מ",18/06/2024,650,"4,597,783","20,000",קניה,130000.0,"4,617,783",271015,גיידליין מניה רגילה,650.00
סעיד סנדי ,02/06/2024,"11,369","1,000",800,מכירה,90952.0,200,1104363,ברק בית השקעות מניה רגילה ,"5,148.00"
"קבוצת חנן מור השקעות 2006 בע""מ",18/06/2024,90.53,"6,319,795","863,752",מכירה,781954.6856,"5,456,043",1102532,"מניות רגילות בנות 1 ש""ח ע.נ. כ""א",101.50
גבי בוגנים,19/06/2024,"1,179","11,081,472","2,488",קניה,29333.519999999997,"11,083,960",1190628,מניה רגילה,"1,242.00"
סעיד סנדי ,02/06/2024,"11,369","1,000",800,מכירה,90952.0,200,1104363,ברק בית השקעות מניה רגילה ,"5,148.00"
שלמה איזנברג ,19/06/2024,"29,336","2,875,296","1,930",קניה,566184.8,"2,877,226",1202977,ישרס אחזקות מניה רגילה,"31,390.00"
שלום חגי,19/06/2024,487.51,"49,879,248","2,500",קניה,12187.75,"49,881,748",103010,טיב טעם,518.30
מר שלמה פרידמן באמצעות חברה בשליטתו,19/06/2024,102.72,"23,386","13,376",מכירה,13739.827199999998,"10,010",1200880,גלעד פקדון אגח א,103.15
שלמה איזנברג ,19/06/2024,"8,368","2,869,990","5,600",קניה,468608.00000000006,"2,875,590",731018,"ערד מניה 1 ש""ח","8,556.00"
מר שלמה פרידמן באמצעות חברה בשליטתו,19/06/2024,107.73,"162,885","22,875",מכירה,24643.237500000003,"140,010",1189398,אלה פקדון אגח ו,108.06
אר.פי.אס ניהול השקעות 2014 שותפות מוגבלת,19/06/2024,846.9,"1,960,193","3,458",קניה,29285.802,"1,963,651",1173145,קבסר,884.60
"חברה ישראלית לספנות והספקה בע""מ",19/06/2024,"6,250","8,477,731.8",265,קניה,16562.5,"8,477,996.8",621011,"קרור מ""ר 1","6,379.00"
שמיר מאיר,19/06/2024,"13,530.12","3,778,171",360,קניה,48708.432,"3,778,531",127019,"מבטח שמיר מ""ר","15,670.00"
יאיר גולדפינגר,19/06/2024,452,"27,160,940","9,433",קניה,42637.159999999996,"27,170,373",1139955,מניות רגילות מדיפאואר,481.40
"א.י ספקטור בע""מ",17/06/2024,"1,025","6,575,478","17,395",קניה,178298.75,"6,592,873",1165307,טכנולוגיות מניה רגילה,"1,089.00"
בן-משה מרדכי,19/06/2024,"25,911.43","250,135","1,294",קניה,335293.9042,"251,429",1098565,מניות רגילות,"27,770.00"
"רישן בנין והשקעות בע""מ",20/06/2024,240,"30,549,846","1,611,000",קניה,3866400.0,"32,160,846",1194513,מניה רגילה,218.30
שלמה איזנברג ,20/06/2024,"8,277","2,875,590","4,500",קניה,372465.0,"2,880,090",731018,"ערד מניה 1 ש""ח","8,556.00"
אורן מילר,20/06/2024,485,"48,518",619,קניה,3002.1499999999996,"49,137",103010,טיב טעם,518.30
"פאי פיתוח מכשירים פיננסיים בע""מ",20/06/2024,100.41,"13,795,261","400,000",קניה,401640.0,"14,195,261",1206580,פאי פיקדון אגח ג,100.65
"בי קומיוניקיישנס בע""מ ",20/06/2024,420,"754,770,157","715,000",קניה,3003000.0,"755,485,157",230011,מניה רגילה,448.90
שמיר מאיר,20/06/2024,"13,576.14","3,778,531",360,קניה,48874.10399999999,"3,778,891",127019,"מבטח שמיר מ""ר","15,670.00"
אפרים לובל ,20/06/2024,"3,709.92","5,695","1,225",קניה,45446.520000000004,"6,920",1123777,מניות רגילות,"3,903.00"
יאיר גולדפינגר,20/06/2024,456,"27,170,373","23,656",קניה,107871.35999999999,"27,194,029",1139955,מניות רגילות מדיפאואר,481.40
מר שלמה פרידמן באמצעות חברה בשליטתו,20/06/2024,107.73,"140,010","29,717",קניה,32014.124100000005,"169,727",1189398,אלה פקדון אגח ו,108.06
יחיאל ספקטור,20/06/2024,"1,030.5","583,156","3,127",קניה,32223.735,"586,283",1165307,טכנולוגיות מניה רגילה,"1,089.00"
חיים כצמן ,17/06/2024,711,"5,807,330.5","7,000",קניה,49770.0,"5,814,330.5",723007,מניה רגילה,900.30
"י.ד. מור השקעות בע""מ - קופות גמל",20/06/2024,_________,"5,622,672","1,242,753",מכירה,לא ידוע,"4,379,919",1176593,נקסט ויז'ן - מניה,"4,800.00"
קרן השקעות פרודיג'י קפיטל,20/06/2024,"6,969","15,905","1,140",קניה,79446.59999999999,"17,045",1104363,ברק בית השקעות מניה רגילה ,"5,148.00"
שלמה איזנברג ,23/06/2024,"28,430","2,877,226","1,679",קניה,477339.7,"2,878,905",1202977,ישרס אחזקות מניה רגילה,"31,390.00"
נועה לנדאו,23/06/2024,"25,239.95","3,906","2,400",מכירה,605758.8,"1,506",1087022,פוקס מניה רגילה,"23,900.00"
אר.פי.אס ניהול השקעות 2014 שותפות מוגבלת,23/06/2024,849.9,"1,963,651","4,784",קניה,40659.216,"1,968,435",1173145,קבסר,884.60
"פאי פיתוח מכשירים פיננסיים בע""מ",23/06/2024,100.44,"14,195,261","211,822",קניה,212754.01679999998,"14,407,083",1206580,פאי פיקדון אגח ג,100.65
"חברה ישראלית לספנות והספקה בע""מ",23/06/2024,"6,250","8,477,996.8",288,קניה,18000.0,"8,478,284.8",621011,"קרור מ""ר 1","6,379.00"
"א.א שידורית טלפייג 1989 בע""מ",23/06/2024,64.2,"7,897,623","1,379,259",קניה,885484.278,"9,276,882",1080597,מניה רגילה,61.10
מוטי קירשנבאום,23/06/2024,"31,835","7,493",420,מכירה,133707.0,"7,073",1175157,פז נפט אפ- כתבי אופציה (לא רשומים),
שמיר מאיר,23/06/2024,"13,474.53","3,778,891",360,קניה,48508.308000000005,"3,779,251",127019,"מבטח שמיר מ""ר","15,670.00"
יוסף בן שלום,23/06/2024,891.77,"151,029","27,445",קניה,244746.2765,"178,474",1138379,שגריר מניות רגילות,943.00
מר שלמה פרידמן באמצעות חברה בשליטתו,23/06/2024,102.73,"210,010","38,585",קניה,39638.370500000005,"248,595",1200880,גלעד פקדון אגח א,103.15
מר שלמה פרידמן באמצעות חברה בשליטתו,23/06/2024,107.72,"169,727","584,001",קניה,629085.8772,"753,728",1189398,אלה פקדון אגח ו,108.06
אברהם פרנסס,24/06/2024,44.09,"289,714","69,962",קניה,30846.2458,"359,676",544015,מניה רגילה,47.10
גל צוברי,24/06/2024,488,"7,424","4,576",קניה,22330.88,"12,000",103010,טיב טעם,518.30
מר שלמה פרידמן באמצעות חברה בשליטתו,24/06/2024,102.75,"248,595","28,585",מכירה,29371.0875,"220,010",1200880,גלעד פקדון אגח א,103.15
מר שלמה פרידמן באמצעות חברה בשליטתו,24/06/2024,107.73,"753,728","3,472,282",קניה,3740689.3986000004,"4,226,010",1189398,אלה פקדון אגח ו,108.06
"חברה ישראלית לספנות והספקה בע""מ",24/06/2024,"6,250","8,478,284.8",11,קניה,687.5,"8,478,295.8",621011,"קרור מ""ר 1","6,379.00"
"קרדן ישראל בע""מ",24/06/2024,396,"109,982,142","1,133,934",קניה,4490378.64,"111,116,076",1118447,קרדן נדלן ,462.00
שמיר מאיר,23/06/2024,"13,440.24","3,779,251",370,קניה,49728.888,"3,779,621",127019,"מבטח שמיר מ""ר","15,670.00"
שמיר מאיר,24/06/2024,"13,440.24","3,779,251",370,קניה,49728.888,"3,779,621",127019,"מבטח שמיר מ""ר","15,670.00"
עופר נמרודי,24/06/2024,"2,865.91","9,536,806","13,400",קניה,384031.94,"9,550,206",612010,מניה רגילה,"3,079.00"
שלום חגי,24/06/2024,490.29,"49,881,748","1,350",קניה,6618.915,"49,883,098",103010,טיב טעם,518.30
יוסף בן שלום,24/06/2024,904.00,"178,474","2,061",קניה,18631.44,"180,535",1138379,שגריר מניות רגילות,943.00
"יוניברסל מוטורס ישראל בע""מ",24/06/2024,"32,691.02","750,554","133,132",קניה,43522208.746400006,"883,686",314013,דנאל מניה רגילה,"32,000.00"
קרן השקעות פרודיג'י קפיטל,24/06/2024,"6,300","17,045","4,760",מכירה,299880.0,"12,285",1104363,ברק בית השקעות מניה רגילה ,"5,148.00"
יעקב בוסביב ,17/06/2024,30,"30,000","25,000",מכירה,7500.0,"5,000",1195098,סטורג דר עובדים,
שלמה איזנברג ,25/06/2024,"28,766","2,878,905",164,קניה,47176.240000000005,"2,879,069",1202977,ישרס אחזקות מניה רגילה,"31,390.00"
"הראל השקעות בביטוח ושירותים פיננסים בע""מ-נוסטרו",25/06/2024,107.56,"5,577,068","5,577,068",מכירה,5998694.3408,0,1191386,הראל פיקד אגח ג' אגרות חוב סדרה ג',107.76
מר שלמה פרידמן באמצעות חברה בשליטתו,25/06/2024,102.77,"220,010","219,000",מכירה,225066.30000000002,"1,010",1200880,גלעד פקדון אגח א,103.15
מר שלמה פרידמן באמצעות חברה בשליטתו,25/06/2024,107.78,"4,226,010","326,000",מכירה,351362.80000000005,"3,900,010",1189398,אלה פקדון אגח ו,108.06
מר שלמה פרידמן באמצעות חברה בשליטתו,25/06/2024,107.78,"4,226,010","326,000",מכירה,351362.80000000005,"3,900,010",1189398,אלה פקדון אגח ו,108.06
יוסף סנדלר,25/06/2024,"5,500","8,205,271","91,500",מכירה,5032500.0,"8,113,771",1176593,נקסט ויז'ן - מניה ,"4,800.00"
רונן שטרנבך,25/06/2024,229,"17,592,132","75,123",קניה,172031.67,"17,667,255",1083658,מניה רגילה,215.50
"פאי פיתוח מכשירים פיננסיים בע""מ",25/06/2024,100.46,"14,407,083","400,000",קניה,401840.0,"14,807,083",1206580,פאי פיקדון אגח ג,100.65
שמיר מאיר,25/06/2024,"13,560","3,779,621",340,קניה,46104.0,"3,779,961",127019,"מבטח שמיר מ""ר","15,670.00"
עופר נמרודי,25/06/2024,"2,865.91","9,550,206","2,966",קניה,85002.8906,"9,553,172",612010,מניה רגילה,"3,079.00"
שחר גרשון,25/06/2024,"7,929.21","636,082","1,261",קניה,99987.33810000001,"637,343",1170877,"נופר מ""ר","8,350.00"
שלום חגי,25/06/2024,490.82,"49,883,098",600,קניה,2944.92,"49,883,698",103010,טיב טעם,518.30
יאיר אפרתי,25/06/2024,50,"173,276","30,000",קניה,15000.0,"203,276",5560115,אופציות (סדרה 4) לא סחירות,
יאיר גולדפינגר,25/06/2024,456,"27,194,029","16,497",קניה,75226.31999999999,"27,210,526",1139955,מניות רגילות מדיפאואר,481.40
"חברה ישראלית לספנות והספקה בע""מ",25/06/2024,"6,211","8,478,295.8",146,קניה,9068.06,"8,478,441.8",621011,"קרור מ""ר 1","6,379.00"
מאור רון,25/06/2024,147.07,"23,054,854","2,632,910",מכירה,3872220.7369999997,"20,421,944",1187996,כתבי אופציה,
"חברה ישראלית לספנות והספקה בע""מ",25/06/2024,"6,211","8,478,295.8",146,קניה,9068.06,"8,478,441.8",621011,"קרור מ""ר 1","6,379.00"
עופר ינאי,25/06/2024,"7,990.74","9,810,512.8","24,000",קניה,1917777.5999999999,"9,834,512.8",1170877,"נופר מ""ר","8,350.00"
שלמה איזנברג ,26/06/2024,"28,743","2,879,069",43,קניה,12359.49,"2,879,112",1202977,ישרס אחזקות מניה רגילה,"31,390.00"
אר.פי.אס ניהול השקעות 2014 שותפות מוגבלת,23/06/2024,849.9,"1,968,435",279,קניה,2371.221,"1,968,714",1173145,קבסר,884.60
לשם נורית,26/06/2024,"1,600","6,323,200","700,000",מכירה,11200000.0,"5,623,200",1175611,תורפז ,"1,804.00"
"פאי פיתוח מכשירים פיננסיים בע""מ",26/06/2024,100.47,"14,807,083","100,000",קניה,100469.99999999999,"14,907,083",1206580,פאי פיקדון אגח ג,100.65
שמיר מאיר,26/06/2024,"13,516.45","3,779,961",360,קניה,48659.22,"3,780,321",127019,"מבטח שמיר מ""ר","15,670.00"
מר שלמה פרידמן באמצעות חברה בשליטתו,26/06/2024,107.77,"3,900,010","34,180",קניה,36835.78599999999,"3,934,190",1189398,אלה פקדון אגח ו,108.06
שלום חגי,26/06/2024,494.66,"49,883,698",500,קניה,2473.3,"49,884,198",103010,טיב טעם,518.30
רון שטרן,26/06/2024,465,"127,333",480,קניה,2232.0,"127,813",1139955,מניות רגילות מדיפאואר,481.40
קרסו יואל,25/06/2024,"1,000","1,763,560","100,000",קניה,1000000.0,"1,863,560",1165307,טכנולוגיות מניה רגילה,"1,089.00"
שלמה איזנברג ,27/06/2024,"28,979","2,879,112","1,400",קניה,405706.0,"2,880,512",1202977,ישרס אחזקות מניה רגילה,"31,390.00"
מיכאל גרוסמן,27/06/2024,865,"1,159,813","91,500",מכירה,791475.0,"1,068,313",1185966,אופציות לא סחירות (סדרה ג'),
"פאי פיתוח מכשירים פיננסיים בע""מ",27/06/2024,100.49,"14,907,083","100,000",קניה,100489.99999999999,"15,007,083",1206580,פאי פיקדון אגח ג,100.65
שמיר מאיר,27/06/2024,"13,533.8","3,780,321",350,קניה,47368.299999999996,"3,780,671",127019,"מבטח שמיר מ""ר","15,670.00"
שלום חגי,27/06/2024,487.51,"49,884,198","3,110",קניה,15161.561,"49,887,308",103010,טיב טעם,518.30
רון שטרן,27/06/2024,481,"127,813","5,000",קניה,24049.999999999996,"132,813",1139955,מניות רגילות מדיפאואר,481.40
מוטי קירשנבאום,27/06/2024,"34,040","7,073",303,מכירה,103141.2,"6,770",1175157,פז נפט אפ- כתבי אופציה (לא רשומים),
רם דרורי,27/06/2024,"20,300","190,001","10,000",מכירה,2030000.0,"180,001",1178193,בית שמש אפ07/21,
סמיר מצלאוי,27/06/2024,"1,296","13,798,690","2,576",קניה,33384.96,"13,801,266",1106749,מצלאוי מניה רגילה,"1,319.00"
ירון גלבוע,30/06/2024,30,"10,818","3,606",מכירה,1081.8,"7,212",1187236,טורבוג'ן מנ.חסומות (לא רשומות למסחר),
אלי פולטוב,30/06/2024,250,"1,812,942","2,000,000",קניה,5000000.0,"3,812,942",1170240,מניות רגילות,198.60
קאירי מלי,30/06/2024,100,"205,000","10,250",מכירה,10250.0,"194,750",4250270,צרפתי אגח יב',98.36
"בנק ירושלים בע""מ",30/06/2024,103.17,"63,000,000","100,000,000",קניה,103170000.0,"163,000,000",1182054,ירושליםהנ אגחיח,103.40
קרן השקעות פרודיג'י קפיטל,30/06/2024,"5,112","12,285","10,270",מכירה,525002.4,"2,015",1104363,ברק בית השקעות מניה רגילה ,"5,148.00"
"א.י ספקטור בע""מ",17/06/2024,"1,025","6,576,478","17,395",קניה,178298.75,"6,593,873",1165307,טכנולוגיות מניה רגילה,"1,089.00"
רונן שטרנבך,30/06/2024,219,"17,667,255","50,000",קניה,109500.0,"17,717,255",1083658,מניה רגילה,215.50
"פאי פיתוח מכשירים פיננסיים בע""מ",30/06/2024,100.52,"15,007,083","100,000",קניה,100519.99999999999,"15,107,083",1206580,פאי פיקדון אגח ג,100.65
גרינברג אייל,30/06/2024,365,"44,794","37,502",קניה,136882.3,"82,296",1096148,גולף מניה רגילה,374.80
שמיר מאיר,30/06/2024,"13,891.68","3,780,671",350,קניה,48620.88,"3,781,021",127019,"מבטח שמיר מ""ר","15,670.00"
"הפניקס אחזקות בע""מ - נוסטרו",10/06/2024,951.03,"638,208","111,732",מכירה,1062604.8395999998,"526,476",1168558,מקס סטוק מניה רגילה,873.80
שניידר אלכס,30/06/2024,720,"20,568,917","360,000",קניה,2592000.0,"20,928,917",1105196,מישורים מניה רגילה,703.80
מר שלמה פרידמן באמצעות חברה בשליטתו,30/06/2024,107.81,"3,934,190","354,180",מכירה,381841.45800000004,"3,580,010",1189398,אלה פקדון אגח ו,108.06
"לפידות קפיטל בע""מ ",30/06/2024,99.2,"112,265,123","719,262",קניה,713507.904,"112,984,385",1082353,מניה רגילה,101.30
אלי נידם,30/06/2024,474,"13,585,056","25,000",קניה,118500.0,"13,610,056",1082007,"שוהם ביזנס, מניות רגילות",505.50
מאיר שני,30/06/2024,"1,390","74,281",865,קניה,12023.5,"75,146",1123355,מניה רגילה,"1,348.00"
אורנית שעיה,01/07/2024,802.9,"48,120",585,קניה,4696.965,"48,705",1141464,מניה רגילה,825.60
חיים מר,30/05/2024,"1,240","3,978,336","1,000",קניה,12400.0,"3,979,336",338012,ח.מר מניה רגילה,"1,523.00"
"פאי פיתוח מכשירים פיננסיים בע""מ",01/07/2024,100.54,"15,107,083","250,000",קניה,251350.00000000003,"15,357,083",1206580,פאי פיקדון אגח ג,100.65
מר שלמה פרידמן באמצעות חברה בשליטתו,01/07/2024,107.83,"3,580,010","2,580,001",מכירה,2782015.0783,"1,000,009",1189398,אלה פקדון אגח ו,108.06
שמיר מאיר,01/07/2024,"14,263.64","3,781,021",330,קניה,47070.011999999995,"3,781,351",127019,"מבטח שמיר מ""ר","15,670.00"
עופר נמרודי,01/07/2024,"2,822.39","9,553,172","11,000",קניה,310462.9,"9,564,172",612010,מניה רגילה,"3,079.00"
מיטב בית השקעות חברות לניהול קרנות להשקעות משותפות בנאמנות,30/06/2024,_________,"4,924,257","2,506,492",מכירה,לא ידוע,"2,417,765",1167691,לסיכו אגח א,101.00
יהונתן חנציס,01/07/2024,978.98,"23,060","5,022",קניה,49164.3756,"28,082",1166768,"דוראל מ""ר ללא ע.נ","1,052.00"
"ווישור גלובלטק בע""מ",01/07/2024,34.84,"12,240,389","4,607,038",קניה,1605092.0392000002,"16,847,427",209015,"מ""ר 1 ש""ח ע.נ.","1,845.00"
אברהם רביד,01/07/2024,"3,764.76","4,403,138","3,901",קניה,146863.2876,"4,407,039",1123777,מניות רגילות,"3,903.00"
שלום חגי,01/07/2024,493,"49,887,308","1,400",קניה,6902.0,"49,888,708",103010,טיב טעם,518.30
"מיטב בית השקעות בע""מ",30/06/2024,100.03,"5,360,430","3,344,298",מכירה,3345301.2893999997,"2,016,132",1141191,"דמרי אג""ח (סדרה ז')",98.13
ברנט אברהם ואילנה,01/07/2024,345.35,"26,987,851","4,649",קניה,16055.3215,"26,992,500",01080837,"מניות רגילות בנות 1.0 ש""ח ע.נ. כ""א",
ברנט אברהם ואילנה,02/07/2024,345.06,"26,992,500","16,559",קניה,57138.485400000005,"27,009,059",01080837,"מניות רגילות בנות 1.0 ש""ח ע.נ. כ""א",
"פאי פיתוח מכשירים פיננסיים בע""מ",02/07/2024,100.55,"15,357,083","49,969",קניה,50243.8295,"15,407,052",1206580,פאי פיקדון אגח ג,100.65
עופר נמרודי,02/07/2024,"2,861.86","9,564,172","3,500",קניה,100165.1,"9,567,672",612010,מניה רגילה,"3,079.00"
"רציו אנרגיות ניהול בע""מ",02/07/2024,110.10,"8,557,200","1,901,680",קניה,2093749.68,"10,458,880",1178144,רציו מימון אגחד,107.26
גרינברג אייל,02/07/2024,365,"82,296","33,570",קניה,122530.5,"115,866",1096148,גולף מניה רגילה,374.80
שמיר מאיר,02/07/2024,"14,309.3","3,781,351",330,קניה,47220.689999999995,"3,781,681",127019,"מבטח שמיר מ""ר","15,670.00"
ויקטור אדריאן בגס,02/07/2024,123,"7,039,014","4,000",קניה,4920.0,"7,043,014",456012,אפסלון ברנדס מניה רגילה,128.50
איציק בן אליעזר,02/07/2024,58.5,"8,050,861","43,529",קניה,25464.465,"8,094,390",1080597,מניה רגילה,61.10
גל נבו,02/07/2024,"7,040","44,494",350,קניה,24640.000000000004,"44,844",1081074,איסתא מניה רגילה,"7,571.00"
לנדנר ערן,03/07/2024,"2,050","139,636","139,636",מכירה,2862538.0,0,643015,מניות יסוד,"2,391.00"
רונן שטרנבך,02/07/2024,214.79,"17,717,434","42,347",קניה,90957.1213,"17,759,781",1083658,מניה רגילה,215.50
אלי נידם,02/07/2024,490,"13,610,056","15,326",קניה,75097.40000000001,"13,625,382",1082007,"שוהם ביזנס, מניות רגילות",505.50
"אקויטל בע""מ",03/07/2024,"2,050","63,334,988","12,669,840",קניה,259731720.0,"76,004,828",643015,מניות יסוד,"2,391.00"
חיים כצמן,02/07/2024,102.1,"444,480","444,480",מכירה,453814.07999999996,0,1193077,אגרות חוב (סדרה יג'),104.89
Aurora Capital Holdings LLC,02/07/2024,712,"6,683,899","876,043",קניה,6237426.16,"7,559,942",723007,מניה רגילה,900.30
רונן שטרנבך,30/06/2024,214.8,"17,717,255",179,קניה,384.492,"17,717,434",1083658,מניה רגילה,215.50
מאיר גרידיש,02/07/2024,801,"1,369,400","2,342",קניה,18759.42,"1,371,742",1141464,מור השקעות מניה רגילה,825.60
מאיר גרידיש,02/07/2024,801,"1,369,400","2,342",קניה,18759.42,"1,371,742",1141464,מור השקעות מניה רגילה,825.60
סמיר מצלאוי,03/07/2024,"1,297.78","13,801,266",923,קניה,11978.5094,"13,802,189",1106749,מצלאוי מניה רגילה,"1,319.00"
רוני בר-און,30/06/2024,100,"610,200","101,699.97",מכירה,101699.97,"508,500.03",1260603,אגרות חוב (סדרה יב),112.15
נתן חץ,03/07/2024,"2,430","26,066,097","850,000",קניה,20655000.0,"26,916,097",390013,"מ""ר","2,700.00"
שנידמן שרה,02/07/2024,"9,744","22,672",800,קניה,77952.0,"23,472",1129501,"מניות רגילות בנות 1 ש""ח ע.נ.","10,920.00"
"פאי פיתוח מכשירים פיננסיים בע""מ",03/07/2024,100.58,"15,407,052","62,000",קניה,62359.6,"15,469,052",1206580,פאי פיקדון אגח ג,100.65
יצחק חג'ג',02/07/2024,475,"19,343,575","7,491,615",קניה,35585171.25,"26,835,190",1143635,חגג אירופה - מניה,457.10
משה נור,17/06/2024,"1,300","1,757,824","159,720",קניה,2076360.0,"1,917,544",1175728,"נור, מניות רגילות","1,055.00"
שמיר מאיר,03/07/2024,"14,234.29","3,781,681",350,קניה,49820.01500000001,"3,782,031",127019,"מבטח שמיר מ""ר","15,670.00"
דורון (דורי) דודוביץ,03/07/2024,970,"33,580,712","10,309",קניה,99997.29999999999,"33,591,021",1166768,"דוראל מ""ר ללא ע.נ","1,052.00"
סטפק צבי,03/07/2024,"1,600","178,698","187,500",קניה,3000000.0,"366,198",1081843,מיטב השקעות מניה רגילה ,"1,688.00"
ישראלי רון,03/07/2024,224.82,"1,371,654","144,045",מכירה,323841.969,"1,227,609",1182492,אייקון אפ12/21 (אופציות לא רשומות למסחר),
רוזן ברק,03/07/2024,69,"25,518,574","900,000",קניה,621000.0,"26,418,574",1103852,די.אן.איי ביומד - מניה רגילה ללא ערך נקוב,68.70
אברהם רביד,03/07/2024,"3,784.06","4,407,039","1,300",קניה,49192.780000000006,"4,408,339",1123777,מניות רגילות,"3,903.00"
יאיר גולדפינגר,03/07/2024,470,"27,210,526","69,246",קניה,325456.2,"27,279,772",1139955,מניות רגילות מדיפאואר,481.40
שלום חגי,03/07/2024,493.22,"49,888,708",500,קניה,2466.1,"49,889,208",103010,טיב טעם,518.30
לירן גלעדי,04/07/2024,221.27,"16,247,512","12,488",קניה,27632.1976,"16,260,000",00536011,מניה רגילה,
נאוי דורי ,03/07/2024,"2,649.96","22,327,441","485,282",קניה,12859778.8872,"22,812,723",208017,נאוי מניה רגילה,"2,702.00"
ברנט אברהם ואילנה,02/07/2024,344.75,"27,009,059","5,667",קניה,19536.9825,"27,014,726",01080837,"מניות רגילות בנות 1.0 ש""ח ע.נ. כ""א",
שמואל מילנר,04/07/2024,777,"5,837,863","2,773",קניה,21546.21,"5,840,636",1083377,טופ מערכות,809.80
עופר אברם,04/07/2024,158,"933,739","66,261",קניה,104692.38,"1,000,000",1140573,מנרט מניה רגילה,171.10
שמיר מאיר,04/07/2024,"14,326.18","3,782,031",330,קניה,47276.394,"3,782,361",127019,"מבטח שמיר מ""ר","15,670.00"
אלי נידם,04/07/2024,503,"13,625,382","12,000",קניה,60360.0,"13,637,382",1082007,"שוהם ביזנס, מניות רגילות",505.50
שלום חגי,04/07/2024,496.86,"49,889,208",300,קניה,1490.5800000000002,"49,889,508",103010,טיב טעם,518.30
מר שלמה פרידמן באמצעות חברה בשליטתו,04/07/2024,108.05,"1,000,009","19,999",מכירה,21608.9195,"980,010",1189398,אלה פקדון אגח ו,108.06
ברנט פסח,07/07/2024,376.00,"2,910,230",500,קניה,1880.0,"2,910,730",01080837,"מניות רגילות בנות 1.0 ש""ח ע.נ. כ""א",
ברנט אברהם ואילנה,04/07/2024,356.12,"27,014,726","4,617",קניה,16442.0604,"27,019,343",01080837,"מניות רגילות בנות 1.0 ש""ח ע.נ. כ""א",
"קבוצת חנן מור השקעות 2006 בע""מ",04/07/2024,0.22,"2,358,905","250,000",מכירה,550.0,"2,108,905",1181510,אגרות חוב (סדרה יד'),22.87
ברנט אברהם ואילנה,07/07/2024,374.90,"27,019,343",538,קניה,2016.9619999999998,"27,019,881",01080837,"מניות רגילות בנות 1.0 ש""ח ע.נ. כ""א",
סמיר מצלאוי,04/07/2024,"1,317","13,802,189","1,367",קניה,18003.39,"13,803,556",1106749,מצלאוי מניה רגילה,"1,319.00"
יוסף לוי,07/07/2024,814.98,"4,419,622","5,861",קניה,47765.97780000001,"4,425,483",1141464,מור השקעות מניה רגילה,825.60
יחיאל ספקטור,04/07/2024,"1,082.8","586,283","5,811",קניה,62921.507999999994,"592,094",1165307,טכנולוגיות מניה רגילה,"1,089.00"
משה מגיד,04/07/2024,81.85,"13,810",500,מכירה,409.24999999999994,"13,310",1080985,ישרוטל מניה רגילה,"8,400.00"
מר שלמה פרידמן באמצעות חברה בשליטתו,07/07/2024,107.96,"980,010","48,799",קניה,52683.40039999999,"1,028,809",1189398,אלה פקדון אגח ו,108.06
"פאי פיתוח מכשירים פיננסיים בע""מ",07/07/2024,100.63,"15,469,052","150,000",קניה,150945.0,"15,619,052",1206580,פאי פיקדון אגח ג,100.65
אר.פי.אס ניהול השקעות 2014 שותפות מוגבלת,23/06/2024,896.6,"1,968,714",371,קניה,3326.3860000000004,"1,969,085",1173145,קבסר,884.60
שמיר מאיר,07/07/2024,"14,631.76","3,782,361",340,קניה,49747.984,"3,782,701",127019,"מבטח שמיר מ""ר","15,670.00"
לירן גלעדי,07/07/2024,221.44,"16,260,000","5,000",קניה,11072.0,"16,265,000",00536011,מניה רגילה,
בונס יהושע ,03/01/2024,106.61,"14,142","28,139",קניה,29998.9879,"42,281",1199488,אגרות חוב (סדרה 2),105.06
רונה לרר,07/07/2024,"9,763","14,954","1,700",מכירה,165971.0,"13,254",5660097,אופציה מנורה עובדים,
ברנט אברהם ואילנה,07/07/2024,373.56,"27,019,881","2,900",קניה,10833.24,"27,022,781",01080837,"מניות רגילות בנות 1.0 ש""ח ע.נ. כ""א",
שינדלר טליה,08/07/2024,507.59,"35,337","28,504",מכירה,144683.4536,"6,833",1172766,"קרסו מ'אפ02/21ב, אופציה למניה",
מוטי קירשנבאום,08/07/2024,"35,160","6,770",300,מכירה,105480.0,"6,470",1175157,פז נפט אפ- כתבי אופציה (לא רשומים),
"קבוצת חנן מור השקעות 2006 בע""מ",07/07/2024,22.66,"2,108,905","700,000",מכירה,158620.0,"1,408,905",1181510,אגרות חוב (סדרה יד'),22.87
אסא גלעדי,08/07/2024,222.94,"14,973,373","13,000",קניה,28982.2,"14,986,373",00536011,מניה רגילה,
אורן מילר,08/07/2024,495.6,"49,137",777,קניה,3850.8120000000004,"49,914",103010,טיב טעם,518.30
אופיר ענבר,08/07/2024,"34,800","9,685","1,000",מכירה,348000.0,"8,685",1175157,פז נפט אפ- כתבי אופציה (לא רשומים),
יוסף לוי,08/07/2024,821.86,"4,425,483","21,463",קניה,176395.8118,"4,446,946",1141464,מור השקעות מניה רגילה,825.60
"פאי פיתוח מכשירים פיננסיים בע""מ",08/07/2024,104.90,0,"47,194",קניה,49506.50600000001,"47,194",1199454,פאי פיקדון אגח א,105.00
"פאי פיתוח מכשירים פיננסיים בע""מ",08/07/2024,103.05,"1,053,333","24,810",קניה,25566.704999999998,"1,078,143",1201144,פאי פיקדון אגח ב,103.13
שמיר מאיר,08/07/2024,"14,626","3,782,701",340,קניה,49728.399999999994,"3,783,041",127019,"מבטח שמיר מ""ר","15,670.00"
ערן מיטל,08/07/2024,825,"331,169.26","10,000",קניה,82500.0,"341,169.26",1083419,מניות רגילות,883.30
אלי שמיני,27/06/2024,66,"2,844,000","2,261",מכירה,1492.26,"2,841,739",1179993,מניה רגילה,62.70
שלום חגי,08/07/2024,501.55,"49,889,508",600,קניה,3009.3,"49,890,108",103010,טיב טעם,518.30
"מיטב בית השקעות בע""מ - נוסטרו",09/07/2024,156,"126,699,685","3,200,000",קניה,4992000.0,"129,899,685",333013,פנינסולה מניה רגילה,153.10
ניר סמי להב,08/07/2024,788.76,"85,668","1,432",מכירה,11295.0432,"84,236",1300086,אופציות לא רשומות 09/19,
עוז גבאי,09/07/2024,1,"92,325","30,775",מכירה,307.75,"61,550",1180918,אופציות (לא רשומות) עובדים,
אברהם רביד,08/07/2024,"3,737","4,408,339","1,300",קניה,48581.0,"4,409,639",1123777,מניות רגילות,"3,903.00"
"פאי פיתוח מכשירים פיננסיים בע""מ",09/07/2024,100.63,"15,619,052","249,970",קניה,251544.811,"15,869,022",1206580,פאי פיקדון אגח ג,100.65
עופר נמרודי,09/07/2024,"3,006","9,567,672","2,448",קניה,73586.87999999999,"9,570,120",612010,מניה רגילה,"3,079.00"
אר.פי.אס ניהול השקעות 2014 שותפות מוגבלת,09/07/2024,889.9,"1,969,085",384,קניה,3417.2159999999994,"1,969,469",1173145,קבסר,884.60
מר שלמה פרידמן באמצעות חברה בשליטתו,09/07/2024,103.08,"1,010","5,500",קניה,5669.4,"6,510",1200880,גלעד פקדון אגח א,103.15
בנימין פרץ,09/07/2024,"3,190.96","3,426,526","6,250",קניה,199435.0,"3,432,776",531012,בוני תיכון - מניה רגילה 1 ₪ ע.נ. ,"3,323.00"
גרינברג אייל,09/07/2024,370.20,"115,866","17,565",קניה,65025.63,"133,431",1096148,גולף מניה רגילה,374.80
שמיר מאיר,09/07/2024,"14,823.64","3,783,041",330,קניה,48918.012,"3,783,371",127019,"מבטח שמיר מ""ר","15,670.00"
שלום חגי,09/07/2024,499.6,"49,890,108",600,קניה,2997.6000000000004,"49,890,708",103010,טיב טעם,518.30
ברנט אברהם ואילנה,08/07/2024,374.12,"27,022,781","1,000",קניה,3741.2000000000003,"27,023,781",01080837,"מניות רגילות בנות 1.0 ש""ח ע.נ. כ""א",
ברנט אברהם ואילנה,09/07/2024,373.00,"27,023,781","1,000",קניה,3730.0,"27,024,781",01080837,"מניות רגילות בנות 1.0 ש""ח ע.נ. כ""א",
אייל רביד,09/07/2024,"3,619.62","5,017,107","6,932",קניה,250912.05839999998,"5,024,039",1123777,מניות רגילות,"3,903.00"
ברנט פסח,09/07/2024,377.70,"2,910,730",350,קניה,1321.9499999999998,"2,911,080",01080837,"מניות רגילות בנות 1.0 ש""ח ע.נ. כ""א",
"קיבוץ סאסא אגודה חקלאית שיתופית בע""מ",09/07/2024,380.17,"15,150,000","2,700",קניה,10264.59,"15,152,700",01080837,"מניות רגילות בנות 1.0 ש""ח ע.נ. כ""א",
ברנט אברהם ואילנה,09/07/2024,374.66,"27,024,781","1,897",קניה,7107.300200000001,"27,026,678",01080837,"מניות רגילות בנות 1.0 ש""ח ע.נ. כ""א",
ניר סמי להב,09/07/2024,788.76,"84,236",10,מכירה,78.876,"84,226",1300086,אופציות לא רשומות 09/19,
"פאי פיתוח מכשירים פיננסיים בע""מ",10/07/2024,100.65,"15,869,022","100,000",קניה,100650.0,"15,969,022",1206580,פאי פיקדון אגח ג,100.65
שמיר מאיר,10/07/2024,"15,096.97","3,783,371",300,קניה,45290.909999999996,"3,783,671",127019,"מבטח שמיר מ""ר","15,670.00"
שלום חגי,10/07/2024,505.6,"49,890,708",100,קניה,505.6,"49,890,808",103010,טיב טעם,518.30
ברנט פסח,10/07/2024,377.70,"2,911,080",350,קניה,1321.9499999999998,"2,911,430",01080837,"מניות רגילות בנות 1.0 ש""ח ע.נ. כ""א",
ניר סמי להב,10/07/2024,789,"84,226","1,728",מכירה,13633.92,"82,498",1300086,אופציות לא רשומות 09/19,
מר שלמה פרידמן באמצעות חברה בשליטתו,10/07/2024,103.21,"6,510","42,520",מכירה,43884.892,0,1200880,גלעד פקדון אגח א,103.15
מר שלמה פרידמן באמצעות חברה בשליטתו,10/07/2024,108.04,"1,028,809","4,724",מכירה,5103.8096000000005,"1,024,085",1189398,אלה פקדון אגח ו,108.06
אביב צידון,10/07/2024,349.9,"15,722,470",180,קניה,629.8199999999999,"15,722,650",1172360,מניות רגילות פינרג'י,318.00
יוסף לוי,07/07/2024,814.98,"4,419,622","5,861",קניה,47765.97780000001,"4,425,483",1141464,מור השקעות מניה רגילה,825.60
יוסף לוי,08/07/2024,821.86,"4,425,483","21,463",קניה,176395.8118,"4,446,946",1141464,מור השקעות מניה רגילה,825.60
יוסף לוי,10/07/2024,94.70,"1,000,000","22,240",קניה,21061.280000000002,"1,022,240",1167303,"מור השקעות אג א - אג""ח להמרה",94.70
ברנט אברהם ואילנה,10/07/2024,380.72,"27,026,678",505,קניה,1922.6360000000002,"27,027,183",01080837,"מניות רגילות בנות 1.0 ש""ח ע.נ. כ""א",
אלי נידם,11/07/2024,243,"13,637,382","650,000",קניה,1579500.0,"14,287,382",1082007,"שוהם ביזנס, מניות רגילות",505.50
דניאל מיכאל ורדיגר,10/07/2024,26.61,"14,621","14,621",מכירה,3890.6481,0,777037,מניות רגילות,"2,715.00"
יוסף לוי,11/07/2024,94.70,"1,022,240",100,קניה,94.7,"1,022,340",1167303,"מור השקעות אג א - אג""ח להמרה",94.70
אר.פי.אס ניהול השקעות 2014 שותפות מוגבלת,11/07/2024,885.5,"1,969,469","1,344",קניה,11901.12,"1,970,813",1173145,קבסר,884.60
